image_id,a,b,methods_a,methods_b,ssim_ab,mae
1,4,31,GRA+CODAS,BellmanZadeh+PROMETHEEII+VIKOR,0.9905483460038017,5.296229062040666
1,4,50,GRA+CODAS,SMARTER+TOPSIS+MABAC,0.9966588218230833,2.210301131491916
1,31,50,BellmanZadeh+PROMETHEEII+VIKOR,SMARTER+TOPSIS+MABAC,0.9953215366275615,3.1303627204801567
107,3,50,VIKOR+CODAS,BellmanZadeh,0.9821260201299538,8.59961511667075
107,3,62,VIKOR+CODAS,SMARTER+GRA+MABAC,0.9983307813527347,0.5465831317368937
107,3,82,VIKOR+CODAS,TOPSIS,0.9947565155968828,4.105529994487996
107,3,86,VIKOR+CODAS,PROMETHEEII,0.9782188114808313,9.339005944543116
107,50,62,BellmanZadeh,SMARTER+GRA+MABAC,0.9807375019726243,9.00804312377511
107,50,82,BellmanZadeh,TOPSIS,0.9902478558403873,6.042178313326801
107,50,86,BellmanZadeh,PROMETHEEII,0.9517952697069513,15.368295163982117
107,62,82,SMARTER+GRA+MABAC,TOPSIS,0.9938469772711133,4.63429672188878
107,62,86,SMARTER+GRA+MABAC,PROMETHEEII,0.9796617603493245,8.905075349859137
107,82,86,TOPSIS,PROMETHEEII,0.9642371731263091,12.846931364067858
116,3,21,TOPSIS+GRA+CODAS,SMARTER+BellmanZadeh+VIKOR+MABAC,0.9839171149030155,7.8548075009186675
116,3,27,TOPSIS+GRA+CODAS,PROMETHEEII,0.8734494514216491,31.78046769736036
116,21,27,SMARTER+BellmanZadeh+VIKOR+MABAC,PROMETHEEII,0.920442060549004,24.357031919861587
118,0,15,GRA+CODAS,VIKOR,0.9847035177899349,6.486653964815042
118,0,29,GRA+CODAS,BellmanZadeh,0.9838542201337497,7.716171989833415
118,0,60,GRA+CODAS,TOPSIS,0.9983987540119443,0.377976577811122
118,0,72,GRA+CODAS,SMARTER+MABAC,0.9960108081276119,2.3963441825391967
118,0,89,GRA+CODAS,PROMETHEEII,0.9965195843139013,2.096340450453209
118,15,29,VIKOR,BellmanZadeh,0.9868983000506065,7.452978108923322
118,15,60,VIKOR,TOPSIS,0.9852149311570291,6.3361614251592355
118,15,72,VIKOR,SMARTER+MABAC,0.9851253117603421,6.255697651273885
118,15,89,VIKOR,PROMETHEEII,0.9850195834272072,6.35231035261514
118,29,60,BellmanZadeh,TOPSIS,0.9848743956003628,7.412715599736648
118,29,72,BellmanZadeh,SMARTER+MABAC,0.98974981323924,5.758790019445125
118,29,89,BellmanZadeh,PROMETHEEII,0.9885890165861586,6.117868844928957
118,60,72,TOPSIS,SMARTER+MABAC,0.9961430819421101,2.1859889836477215
118,60,89,TOPSIS,PROMETHEEII,0.9966581065745498,1.9760749364588437
118,72,89,SMARTER+MABAC,PROMETHEEII,0.9981531825202468,0.419039093122244
122,2,30,SMARTER+GRA+CODAS+MABAC,BellmanZadeh,0.9519345773178419,15.074007265127388
122,2,47,SMARTER+GRA+CODAS+MABAC,TOPSIS,0.9866687601511224,7.084239400875796
122,2,55,SMARTER+GRA+CODAS+MABAC,VIKOR,0.9947459210465958,3.7727977821839787
122,2,74,SMARTER+GRA+CODAS+MABAC,PROMETHEEII,0.9981651647079351,0.4535546683610975
122,30,47,BellmanZadeh,TOPSIS,0.9833526356003246,8.490733421882656
122,30,55,BellmanZadeh,VIKOR,0.9706148957951599,11.57529005006737
122,30,74,BellmanZadeh,PROMETHEEII,0.9494525184270179,15.46087721245713
122,47,55,TOPSIS,VIKOR,0.9954663831746632,3.3352791217540423
122,47,74,TOPSIS,PROMETHEEII,0.9852250496708008,7.500392825973788
122,55,74,VIKOR,PROMETHEEII,0.9940930583023535,4.19526800205169
124,4,5,GRA+CODAS,BellmanZadeh,0.9706740608682707,12.468592166385136
124,4,18,GRA+CODAS,PROMETHEEII+VIKOR,0.9927629799574322,4.369958826013513
124,4,43,GRA+CODAS,TOPSIS,0.9966688297450627,1.8204027660472972
124,4,97,GRA+CODAS,SMARTER+MABAC,0.9977339637322867,1.604439400337838
124,5,18,BellmanZadeh,PROMETHEEII+VIKOR,0.9841016404627714,9.073667124155405
124,5,43,BellmanZadeh,TOPSIS,0.968532773123543,13.073339315878378
124,5,97,BellmanZadeh,SMARTER+MABAC,0.9744692901623533,11.087653610641892
124,18,43,PROMETHEEII+VIKOR,TOPSIS,0.992023716513997,4.931929370777027
124,18,97,PROMETHEEII+VIKOR,SMARTER+MABAC,0.9941707238591618,3.4316110641891893
124,43,97,TOPSIS,SMARTER+MABAC,0.9960993532310681,2.4977444045608106
132,1,34,CODAS,SMARTER+MABAC,0.996056177720452,3.2229117543483587
132,1,43,CODAS,GRA,0.9976078459819169,1.7689427287481627
132,1,47,CODAS,TOPSIS,0.9967944586306888,2.753520122642087
132,1,51,CODAS,VIKOR,0.988318922237096,6.422228591223665
132,1,77,CODAS,BellmanZadeh,0.9906527407936772,5.885016344622734
132,1,86,CODAS,PROMETHEEII,0.9799299579952535,8.438590438969868
132,34,43,SMARTER+MABAC,GRA,0.9962358249956524,2.7506679476972073
132,34,47,SMARTER+MABAC,TOPSIS,0.9979304709741034,0.890945098144292
132,34,51,SMARTER+MABAC,VIKOR,0.993342585718784,4.2109322368018125
132,34,77,SMARTER+MABAC,BellmanZadeh,0.9946524518176901,4.020301590825576
132,34,86,SMARTER+MABAC,PROMETHEEII,0.9873086021831976,6.200432634890984
132,43,47,GRA,TOPSIS,0.9971389659807168,2.0893705406357177
132,43,51,GRA,VIKOR,0.9872247184673079,6.3284527537052915
132,43,77,GRA,BellmanZadeh,0.9909199633970389,5.517557072207252
132,43,86,GRA,PROMETHEEII,0.9781906180289053,8.603725674454925
132,47,51,TOPSIS,VIKOR,0.9915347029160365,4.929737261146497
132,47,77,TOPSIS,BellmanZadeh,0.9937632062024171,4.348612716652377
132,47,86,TOPSIS,PROMETHEEII,0.9844114919809372,7.071866578882901
132,51,77,VIKOR,BellmanZadeh,0.9950066088478561,3.3680769804936306
132,51,86,VIKOR,PROMETHEEII,0.9951565836255426,3.756361771190593
132,77,86,BellmanZadeh,PROMETHEEII,0.988899871593999,6.450927375520578
159,65,80,BellmanZadeh,SMARTER+TOPSIS+GRA+VIKOR+CODAS+MABAC,0.9585934580431679,1.5279270080536502
159,65,86,BellmanZadeh,PROMETHEEII,0.9503381608379537,2.4992784633757963
159,80,86,SMARTER+TOPSIS+GRA+VIKOR+CODAS+MABAC,PROMETHEEII,0.9954013557993664,1.0195192881859383
161,4,45,PROMETHEEII,SMARTER+VIKOR+MABAC,0.8942139705958388,9.662456746080354
161,4,56,PROMETHEEII,CODAS,0.8154328735745374,14.142048455873347
161,4,76,PROMETHEEII,TOPSIS+GRA,0.8692651458368269,10.801234363516658
161,4,94,PROMETHEEII,BellmanZadeh,0.8473920061700569,11.233441978503185
161,45,56,SMARTER+VIKOR+MABAC,CODAS,0.9732968467905602,4.973465347103136
161,45,76,SMARTER+VIKOR+MABAC,TOPSIS+GRA,0.9892481392481577,1.7292452956577657
161,45,94,SMARTER+VIKOR+MABAC,BellmanZadeh,0.9816175415402054,2.186145922648212
161,56,76,CODAS,TOPSIS+GRA,0.9855252964106346,3.3989456378613423
161,56,94,CODAS,BellmanZadeh,0.9921368275462481,3.0482802739159727
161,76,94,TOPSIS+GRA,BellmanZadeh,0.9913385689180664,1.0198733578821657
167,1,4,CODAS,PROMETHEEII,0.9829363530735075,8.56396460451372
167,1,58,CODAS,BellmanZadeh,0.9498245303750164,16.848094530867222
167,1,68,CODAS,VIKOR,0.987222245767649,7.758873752143557
167,1,71,CODAS,SMARTER+GRA+MABAC,0.9866256823413012,7.7928941082802545
167,1,75,CODAS,TOPSIS,0.9932649494638851,4.7404123667932385
167,4,58,PROMETHEEII,BellmanZadeh,0.9536028692508833,14.895715469592112
167,4,68,PROMETHEEII,VIKOR,0.9951032267615149,3.378494285123714
167,4,71,PROMETHEEII,SMARTER+GRA+MABAC,0.9952131827626874,3.1382350295504655
167,4,75,PROMETHEEII,TOPSIS,0.9809604975438349,9.271309732514698
167,58,68,BellmanZadeh,VIKOR,0.9612840046278343,14.16595533745713
167,58,71,BellmanZadeh,SMARTER+GRA+MABAC,0.9548636474926919,15.263476658194513
167,58,75,BellmanZadeh,TOPSIS,0.9732566902184584,12.303655913155316
167,68,71,VIKOR,SMARTER+GRA+MABAC,0.9981632942038133,1.1626892837457128
167,68,75,VIKOR,TOPSIS,0.9870256463870555,7.758757004838315
167,71,75,SMARTER+GRA+MABAC,TOPSIS,0.9842694142822801,8.643504447880941
169,1,2,PROMETHEEII,CODAS,0.9894984852237113,6.230023292044341
169,1,11,PROMETHEEII,BellmanZadeh,0.9494276885036257,17.5404342808366
169,1,48,PROMETHEEII,VIKOR,0.9824970786650612,8.755583774804018
169,1,55,PROMETHEEII,SMARTER+MABAC,0.9922524393400918,5.106217081087702
169,1,85,PROMETHEEII,GRA,0.9939784979867711,4.224401239435326
169,1,97,PROMETHEEII,TOPSIS,0.9786436171315965,9.87516650845174
169,2,11,CODAS,BellmanZadeh,0.9781234377088939,11.64696667534297
169,2,48,CODAS,VIKOR,0.9970329930507731,2.5697809169830967
169,2,55,CODAS,SMARTER+MABAC,0.9978782887824622,1.1494934889453698
169,2,85,CODAS,GRA,0.9972091276872511,2.0322882854605586
169,2,97,CODAS,TOPSIS,0.9956021301942589,3.6980957748958843
169,11,48,BellmanZadeh,VIKOR,0.985629579510195,9.266651323646498
169,11,55,BellmanZadeh,SMARTER+MABAC,0.9736425373450637,12.7322280936122
169,11,85,BellmanZadeh,GRA,0.9702083910460383,13.567238792258697
169,11,97,BellmanZadeh,TOPSIS,0.9883303039468663,8.232662546698922
169,48,55,VIKOR,SMARTER+MABAC,0.9954311671381284,3.7050561152621264
169,48,85,VIKOR,GRA,0.9940434459524207,4.587819332588192
169,48,97,VIKOR,TOPSIS,0.9979317292011002,1.1415561076065655
169,55,85,SMARTER+MABAC,GRA,0.9980559763948326,0.9082303979360608
169,55,97,SMARTER+MABAC,TOPSIS,0.993579162011334,4.833329824534542
169,85,97,GRA,TOPSIS,0.9917141334941271,5.716552375520578
170,3,33,CODAS,BellmanZadeh,0.9968269744680981,1.2700561344010288
170,3,35,CODAS,VIKOR,0.97879480023844,2.542907505512004
170,3,38,CODAS,PROMETHEEII,0.939205727854775,4.897003039257717
170,3,58,CODAS,SMARTER+TOPSIS+MABAC,0.9963019270568386,1.5910447161317982
170,3,61,CODAS,GRA,0.9961453916622817,1.6538160100747183
170,33,35,BellmanZadeh,VIKOR,0.9828043289755946,1.5126685180365018
170,33,38,BellmanZadeh,PROMETHEEII,0.9505445033895326,4.04230223772048
170,33,58,BellmanZadeh,SMARTER+TOPSIS+MABAC,0.9981262082296007,1.016337445645517
170,33,61,BellmanZadeh,GRA,0.998334909611238,0.8132674699902008
170,35,38,VIKOR,PROMETHEEII,0.9687405642556721,3.290996486097501
170,35,58,VIKOR,SMARTER+TOPSIS+MABAC,0.9832606663323579,1.4087304017638413
170,35,61,VIKOR,GRA,0.9834629924528936,1.2535756254593338
170,38,58,PROMETHEEII,SMARTER+TOPSIS+MABAC,0.9508227589022885,3.724656265311122
170,38,61,PROMETHEEII,GRA,0.9508335255057225,3.756619667901764
170,58,61,SMARTER+TOPSIS+MABAC,GRA,0.9988325809335646,0.5778919838620774
171,2,4,CODAS,SMARTER+PROMETHEEII+GRA+VIKOR+MABAC,0.9882507556697931,7.875500482300343
171,2,54,CODAS,BellmanZadeh,0.9445470384353937,17.710497305242527
171,2,88,CODAS,TOPSIS,0.9978937040006837,2.3710439888535033
171,4,54,SMARTER+PROMETHEEII+GRA+VIKOR+MABAC,BellmanZadeh,0.9551058327538728,15.126254555058795
171,4,88,SMARTER+PROMETHEEII+GRA+VIKOR+MABAC,TOPSIS,0.9894239578437136,7.670047234811367
171,54,88,BellmanZadeh,TOPSIS,0.9568172323422581,15.477991219071534
191,62,63,BellmanZadeh,TOPSIS,0.9896609999527097,3.556023873866977
191,62,68,BellmanZadeh,PROMETHEEII,0.8356025547372995,18.266054189888536
191,62,69,BellmanZadeh,CODAS,0.9888253723875511,3.334617394200147
191,62,77,BellmanZadeh,SMARTER+GRA+VIKOR+MABAC,0.9774584348277015,5.27738250627756
191,63,68,TOPSIS,PROMETHEEII,0.7986384845719321,21.09307726757717
191,63,69,TOPSIS,CODAS,0.979575277239258,5.9405851910828025
191,63,77,TOPSIS,SMARTER+GRA+VIKOR+MABAC,0.9632275184246641,8.006772300649192
191,68,69,PROMETHEEII,CODAS,0.8690130861935905,15.193435930609995
191,68,77,PROMETHEEII,SMARTER+GRA+VIKOR+MABAC,0.9035619112399597,13.158410782092112
191,69,77,CODAS,SMARTER+GRA+VIKOR+MABAC,0.9907460216728814,2.074235975012249
194,4,12,GRA+CODAS,VIKOR,0.9972953660127933,1.9043801292258697
194,4,15,GRA+CODAS,PROMETHEEII,0.9617314106659828,18.974108414227093
194,4,30,GRA+CODAS,SMARTER+TOPSIS+MABAC,0.9992640939152333,0.08825665651028908
194,4,60,GRA+CODAS,BellmanZadeh,0.9873780753927369,10.099221333751837
194,12,15,VIKOR,PROMETHEEII,0.9664366675074656,17.23732574029275
194,12,30,VIKOR,SMARTER+TOPSIS+MABAC,0.9972894547711999,1.829696782367712
194,12,60,VIKOR,BellmanZadeh,0.9913358774270272,8.29130988562592
194,15,30,PROMETHEEII,SMARTER+TOPSIS+MABAC,0.9620236111653693,18.885851757716807
194,15,60,PROMETHEEII,BellmanZadeh,0.9833155939086319,9.643650860485057
194,30,60,SMARTER+TOPSIS+MABAC,BellmanZadeh,0.9874594345883976,10.010964677241548
196,6,16,VIKOR,SMARTER+GRA+MABAC,0.9663424709130696,13.820877576096276
196,6,51,VIKOR,CODAS,0.9485978497188174,17.02051977431406
196,6,60,VIKOR,BellmanZadeh,0.9807309021383244,9.936983728105096
196,6,91,VIKOR,PROMETHEEII,0.9438088070859709,14.014864228625674
196,6,99,VIKOR,TOPSIS,0.9533958463395863,16.160848599797895
196,16,51,SMARTER+GRA+MABAC,CODAS,0.9938220696201849,3.506914407000245
196,16,60,SMARTER+GRA+MABAC,BellmanZadeh,0.9821500207178716,5.810969844745223
196,16,91,SMARTER+GRA+MABAC,PROMETHEEII,0.8687964706125261,26.606097941419648
196,16,99,SMARTER+GRA+MABAC,TOPSIS,0.9948228216233439,2.7473502189490446
196,51,60,CODAS,BellmanZadeh,0.9709855618455662,8.601999345449535
196,51,91,CODAS,PROMETHEEII,0.8420404516159837,29.713532735178834
196,51,99,CODAS,TOPSIS,0.99817008683709,0.8679564054078883
196,60,91,BellmanZadeh,PROMETHEEII,0.9195494832796516,22.045373074626408
196,60,99,BellmanZadeh,TOPSIS,0.9737226017319989,7.922367826739343
196,91,99,PROMETHEEII,TOPSIS,0.8487540343262684,28.880656981106075
205,21,35,SMARTER+TOPSIS+GRA+CODAS+MABAC,PROMETHEEII,0.9645931235950942,12.468524070945946
205,21,46,SMARTER+TOPSIS+GRA+CODAS+MABAC,BellmanZadeh,0.9755895699847653,9.37508762668919
205,21,60,SMARTER+TOPSIS+GRA+CODAS+MABAC,VIKOR,0.9986388605177163,0.28252428209459457
205,35,46,PROMETHEEII,BellmanZadeh,0.9885642430077874,6.501986908783784
205,35,60,PROMETHEEII,VIKOR,0.9657700213672988,12.218110219594594
205,46,60,BellmanZadeh,VIKOR,0.9766445474825117,9.133318201013514
206,5,23,GRA+CODAS,PROMETHEEII,0.9808492672915393,7.517879084241793
206,5,66,GRA+CODAS,TOPSIS,0.9971448475080081,1.880514874755022
206,5,75,GRA+CODAS,BellmanZadeh,0.9840779008507259,5.551370728196963
206,5,77,GRA+CODAS,SMARTER+MABAC,0.9953409079329356,3.2443521098726116
206,5,91,GRA+CODAS,VIKOR,0.9876850764216477,5.983118052578393
206,23,66,PROMETHEEII,TOPSIS,0.9856110608875697,6.003039736189368
206,23,75,PROMETHEEII,BellmanZadeh,0.9867374132808322,6.132458908776335
206,23,77,PROMETHEEII,SMARTER+MABAC,0.9908408160500158,4.441419168759187
206,23,91,PROMETHEEII,VIKOR,0.997215344663286,1.6315129685203331
206,66,75,TOPSIS,BellmanZadeh,0.9888038932042895,4.879594293544831
206,66,77,TOPSIS,SMARTER+MABAC,0.9972682995160105,1.6103577826433122
206,66,91,TOPSIS,VIKOR,0.9914592882927278,4.426374077504899
206,75,77,BellmanZadeh,SMARTER+MABAC,0.9897223984304955,4.392358027621264
206,75,91,BellmanZadeh,VIKOR,0.9895127472718197,5.129343095449535
206,77,91,SMARTER+MABAC,VIKOR,0.9952922828120316,2.84613518572391
21,4,13,TOPSIS+PROMETHEEII+GRA+CODAS,BellmanZadeh,0.9827990443176075,7.093229421852033
21,4,65,TOPSIS+PROMETHEEII+GRA+CODAS,VIKOR,0.9905600807303462,5.296818540237629
21,4,88,TOPSIS+PROMETHEEII+GRA+CODAS,SMARTER+MABAC,0.995912457791566,2.6426671208966193
21,13,65,BellmanZadeh,VIKOR,0.9958143670069529,2.36218267699657
21,13,88,BellmanZadeh,SMARTER+MABAC,0.9875101780547154,6.401444221582557
21,65,88,VIKOR,SMARTER+MABAC,0.9924554338775315,5.298426208047526
216,0,22,PROMETHEEII,CODAS,0.902811929130882,13.624710045627143
216,0,49,PROMETHEEII,BellmanZadeh,0.869735074698876,18.435277973419893
216,0,75,PROMETHEEII,TOPSIS,0.8651515455233808,17.22159451938388
216,0,78,PROMETHEEII,SMARTER+GRA+VIKOR+MABAC,0.96617808693681,7.47045910399314
216,22,49,CODAS,BellmanZadeh,0.9831146618585413,5.243504256491915
216,22,75,CODAS,TOPSIS,0.9877572190998972,3.8681554499938757
216,22,78,CODAS,SMARTER+GRA+VIKOR+MABAC,0.9716569107752547,6.564856955842724
216,49,75,BellmanZadeh,TOPSIS,0.9899692890847802,2.921633371355953
216,49,78,BellmanZadeh,SMARTER+GRA+VIKOR+MABAC,0.9476540821153088,11.478380695737384
216,75,78,TOPSIS,SMARTER+GRA+VIKOR+MABAC,0.9499666471320353,10.24723682095174
233,2,34,TOPSIS+GRA+CODAS,BellmanZadeh,0.9746695908003873,12.440531602155806
233,2,36,TOPSIS+GRA+CODAS,SMARTER+PROMETHEEII+VIKOR+MABAC,0.9899446294242672,7.6626897622182755
233,34,36,BellmanZadeh,SMARTER+PROMETHEEII+VIKOR+MABAC,0.9811751460510197,8.824853683090398
24,2,5,GRA,PROMETHEEII,0.839824408431691,34.32551684606198
24,2,25,GRA,TOPSIS+CODAS,0.9952674640364186,2.7947501033500735
24,2,55,GRA,VIKOR,0.9775726270762612,9.558452600594071
24,2,91,GRA,SMARTER+MABAC,0.9941601291313823,4.032780155254777
24,2,92,GRA,BellmanZadeh,0.977749116151197,9.29533862460191
24,5,25,PROMETHEEII,TOPSIS+CODAS,0.8486477137601696,32.28783186856933
24,5,55,PROMETHEEII,VIKOR,0.9091252489639121,24.951151779152376
24,5,91,PROMETHEEII,SMARTER+MABAC,0.8605012256672273,30.65238824794831
24,5,92,PROMETHEEII,BellmanZadeh,0.899584125214687,25.613692736403724
24,25,55,TOPSIS+CODAS,VIKOR,0.9776501957484228,8.483802746815286
24,25,91,TOPSIS+CODAS,SMARTER+MABAC,0.9976802458248463,1.650913595510779
24,25,92,TOPSIS+CODAS,BellmanZadeh,0.9820712141793978,7.550320002449779
24,55,91,VIKOR,SMARTER+MABAC,0.9818480438757096,7.206348469653356
24,55,92,VIKOR,BellmanZadeh,0.9885367043423956,5.140386720663891
24,91,92,SMARTER+MABAC,BellmanZadeh,0.9861660230985706,6.135239791309407
240,4,28,GRA+CODAS,VIKOR,0.9797868732242944,9.017436497121508
240,4,39,GRA+CODAS,BellmanZadeh,0.9867461521998078,7.612554450177609
240,4,53,GRA+CODAS,SMARTER+MABAC,0.9888484107603915,6.453668544830966
240,4,55,GRA+CODAS,PROMETHEEII,0.9521569167480408,13.246562174638658
240,4,80,GRA+CODAS,TOPSIS,0.993157239227306,5.0709957588192065
240,28,39,VIKOR,BellmanZadeh,0.9971465080919857,1.8930254968459088
240,28,53,VIKOR,SMARTER+MABAC,0.9939985577243764,4.567220610301323
240,28,55,VIKOR,PROMETHEEII,0.9895551729561495,5.071417293146742
240,28,80,VIKOR,TOPSIS,0.9906588344991638,5.545493171239588
240,39,53,BellmanZadeh,SMARTER+MABAC,0.9961112682212813,3.709213563357423
240,39,55,BellmanZadeh,PROMETHEEII,0.9825311709383071,6.927376477523273
240,39,80,BellmanZadeh,TOPSIS,0.9947959154455064,4.19183065516291
240,53,55,SMARTER+MABAC,PROMETHEEII,0.976955887151909,8.451118764545566
240,53,80,SMARTER+MABAC,TOPSIS,0.997192507893097,1.8775359045810878
240,55,80,PROMETHEEII,TOPSIS,0.9686116676278327,9.983537194543116
26,0,4,PROMETHEEII,SMARTER+GRA+VIKOR+CODAS+MABAC,0.9619922561326144,16.269856132869915
26,0,43,PROMETHEEII,TOPSIS,0.9247493849998975,24.18799426215703
26,0,57,PROMETHEEII,BellmanZadeh,0.9304811102804077,22.971260067062715
26,4,43,SMARTER+GRA+VIKOR+CODAS+MABAC,TOPSIS,0.9877371380825157,7.987784595480157
26,4,57,SMARTER+GRA+VIKOR+CODAS+MABAC,BellmanZadeh,0.9899498030895317,6.821807726757717
26,43,57,TOPSIS,BellmanZadeh,0.9980561051125817,1.225366797066389
260,2,65,SMARTER+GRA+CODAS+MABAC,TOPSIS,0.9836727539195377,8.316125865078392
260,2,75,SMARTER+GRA+CODAS+MABAC,VIKOR,0.9854629729326112,7.82316658883513
260,2,80,SMARTER+GRA+CODAS+MABAC,BellmanZadeh,0.9608070203508743,14.049354923291279
260,2,99,SMARTER+GRA+CODAS+MABAC,PROMETHEEII,0.9830977649848649,9.978353422801323
260,65,75,TOPSIS,VIKOR,0.9975445313270447,1.7633900546607055
260,65,80,TOPSIS,BellmanZadeh,0.9863342805279645,8.722981132869917
260,65,99,TOPSIS,PROMETHEEII,0.9861111506924312,8.465382031632778
260,75,80,VIKOR,BellmanZadeh,0.9811764934245867,10.476338574840764
260,75,99,VIKOR,PROMETHEEII,0.9902776864002405,6.711248507165605
260,80,99,BellmanZadeh,PROMETHEEII,0.9535661758818864,17.178412849093583
264,0,48,GRA+CODAS,BellmanZadeh,0.9720867368494934,12.436262669953454
264,0,66,GRA+CODAS,VIKOR,0.9818421284880691,8.260885250796179
264,0,85,GRA+CODAS,PROMETHEEII,0.9899552608042357,5.979698409174424
264,0,99,GRA+CODAS,SMARTER+TOPSIS+MABAC,0.9936440584076283,4.205350854360607
264,48,66,BellmanZadeh,VIKOR,0.9837123841048315,7.840086814061735
264,48,85,BellmanZadeh,PROMETHEEII,0.9825635353451676,8.56829908745713
264,48,99,BellmanZadeh,SMARTER+TOPSIS+MABAC,0.9796586618237667,9.709721222746202
264,66,85,VIKOR,PROMETHEEII,0.9835381528054339,6.938913407949535
264,66,99,VIKOR,SMARTER+TOPSIS+MABAC,0.9844653769398509,7.197440745957864
264,85,99,PROMETHEEII,SMARTER+TOPSIS+MABAC,0.9964794083680422,2.041307493263106
279,1,30,SMARTER+GRA+VIKOR+MABAC,PROMETHEEII,0.9424443822034059,5.162934261697697
279,1,36,SMARTER+GRA+VIKOR+MABAC,TOPSIS,0.9144803977785664,6.693241670749632
279,1,47,SMARTER+GRA+VIKOR+MABAC,CODAS,0.9681978688246692,4.474583059009064
279,1,55,SMARTER+GRA+VIKOR+MABAC,BellmanZadeh,0.9200845014269416,6.177078867589417
279,30,36,PROMETHEEII,TOPSIS,0.7820933664634897,11.137827849399804
279,30,47,PROMETHEEII,CODAS,0.8657825787905358,9.057213356657275
279,30,55,PROMETHEEII,BellmanZadeh,0.7891743761773241,10.622896634615385
279,36,47,TOPSIS,CODAS,0.974023923158516,2.355464443746938
279,36,55,TOPSIS,BellmanZadeh,0.9976907914944575,0.8797780270088192
279,47,55,CODAS,BellmanZadeh,0.9756836561874268,1.8919958238914747
286,3,24,GRA+CODAS,PROMETHEEII,0.9746036587570186,8.402466717448554
286,3,38,GRA+CODAS,SMARTER+TOPSIS+MABAC,0.9919336706437034,4.520144651825086
286,3,58,GRA+CODAS,BellmanZadeh,0.9775772337107881,8.469991636299609
286,3,88,GRA+CODAS,VIKOR,0.985254301839458,6.193567032092112
286,24,38,PROMETHEEII,SMARTER+TOPSIS+MABAC,0.9803819240661141,7.163994078423567
286,24,58,PROMETHEEII,BellmanZadeh,0.9860326726203495,8.412792633819207
286,24,88,PROMETHEEII,VIKOR,0.990792962728806,6.327715905959089
286,38,58,SMARTER+TOPSIS+MABAC,BellmanZadeh,0.9846181788501515,7.358910403141842
286,38,88,SMARTER+TOPSIS+MABAC,VIKOR,0.9873250259403632,6.230498415298873
286,58,88,BellmanZadeh,VIKOR,0.9934249164896081,5.1809339210252325
29,2,8,GRA+CODAS,PROMETHEEII,0.9389464470041722,14.67560922549681
29,2,38,GRA+CODAS,BellmanZadeh,0.9861359154408115,5.756722372577282
29,2,49,GRA+CODAS,SMARTER+TOPSIS+MABAC,0.996759353750271,2.0006387427931798
29,2,76,GRA+CODAS,VIKOR,0.9930424177347559,3.9038291983562314
29,8,38,PROMETHEEII,BellmanZadeh,0.9720112503362174,10.748834641805692
29,8,49,PROMETHEEII,SMARTER+TOPSIS+MABAC,0.9521377664477736,13.164583844455349
29,8,76,PROMETHEEII,VIKOR,0.9628824649097532,11.850544249110648
29,38,49,BellmanZadeh,SMARTER+TOPSIS+MABAC,0.9922613468507028,3.9942767112365063
29,38,76,BellmanZadeh,VIKOR,0.9958166892089264,2.80018563312684
29,49,76,SMARTER+TOPSIS+MABAC,VIKOR,0.9969046103175696,1.915710389321639
291,1,5,PROMETHEEII,SMARTER+GRA+CODAS+MABAC,0.9034513386941898,19.242108552027194
291,1,17,PROMETHEEII,VIKOR,0.9588161580785561,10.530082526947576
291,1,24,PROMETHEEII,TOPSIS,0.904913413134635,19.031169138136942
291,1,59,PROMETHEEII,BellmanZadeh,0.9602428080932034,10.221134228778785
291,5,17,SMARTER+GRA+CODAS+MABAC,VIKOR,0.977356288358005,8.960901614557814
291,5,24,SMARTER+GRA+CODAS+MABAC,TOPSIS,0.9985511372288945,0.22694049332435082
291,5,59,SMARTER+GRA+CODAS+MABAC,BellmanZadeh,0.9759929077663391,9.262608708966193
291,17,24,VIKOR,TOPSIS,0.9782000575258316,8.749648322666586
291,17,59,VIKOR,BellmanZadeh,0.9985169762891872,0.3244201869487996
291,24,59,TOPSIS,BellmanZadeh,0.9768686825590674,9.051805181283685
296,4,37,GRA+CODAS,SMARTER+TOPSIS+BellmanZadeh+VIKOR+MABAC,0.9739115122960316,2.751722022752327
296,4,53,GRA+CODAS,PROMETHEEII,0.9346945074994684,6.035006009615385
296,37,53,SMARTER+TOPSIS+BellmanZadeh+VIKOR+MABAC,PROMETHEEII,0.9735471156708522,3.6704505871815285
303,4,21,TOPSIS+GRA+CODAS,PROMETHEEII,0.9793299703073587,7.977587866701372
303,4,29,TOPSIS+GRA+CODAS,VIKOR,0.991368292516515,4.898643721674424
303,4,55,TOPSIS+GRA+CODAS,BellmanZadeh,0.9859650795532003,6.474297889361832
303,4,65,TOPSIS+GRA+CODAS,SMARTER+MABAC,0.9974957713952971,1.2111925258757963
303,21,29,PROMETHEEII,VIKOR,0.9940918828116182,3.3645999203821657
303,21,55,PROMETHEEII,BellmanZadeh,0.9972442581732959,1.616812377511024
303,21,65,PROMETHEEII,SMARTER+MABAC,0.9844728714504711,6.990980792197452
303,29,55,VIKOR,BellmanZadeh,0.9970884614786923,1.7691015816389024
303,29,65,VIKOR,SMARTER+MABAC,0.9939956832493674,4.091888741731994
303,55,65,BellmanZadeh,SMARTER+MABAC,0.9899588502550007,5.548986020945615
308,3,30,TOPSIS+GRA+CODAS,SMARTER+MABAC,0.9830572128354657,9.590143752296669
308,3,32,TOPSIS+GRA+CODAS,BellmanZadeh,0.9742004306818447,12.272754241180793
308,3,50,TOPSIS+GRA+CODAS,PROMETHEEII,0.9854001384299816,8.550513305365017
308,3,75,TOPSIS+GRA+CODAS,VIKOR,0.9813122539698225,10.414447670412788
308,30,32,SMARTER+MABAC,BellmanZadeh,0.9903405146308849,4.931870770302548
308,30,50,SMARTER+MABAC,PROMETHEEII,0.9977451964841623,1.1542150561918176
308,30,75,SMARTER+MABAC,VIKOR,0.9977168349452616,0.9185524865262127
308,32,50,BellmanZadeh,PROMETHEEII,0.989382439472115,5.748123430609995
308,32,75,BellmanZadeh,VIKOR,0.9909716439390315,4.4310726780683485
308,50,75,PROMETHEEII,VIKOR,0.9971733121757205,2.053919551537237
312,0,4,CODAS,PROMETHEEII,0.9843388670215398,8.270426950636942
312,0,34,CODAS,SMARTER+GRA+MABAC,0.9889578267199159,6.557548765923567
312,0,41,CODAS,BellmanZadeh,0.9463895717173847,15.434243515739833
312,0,80,CODAS,TOPSIS+VIKOR,0.9802514480773904,6.404332760442185
312,4,34,PROMETHEEII,SMARTER+GRA+MABAC,0.9956066380081565,3.3265661363914747
312,4,41,PROMETHEEII,BellmanZadeh,0.9415942714765251,16.85019789625184
312,4,80,PROMETHEEII,TOPSIS+VIKOR,0.9715154318121251,10.409294520914992
312,34,41,SMARTER+GRA+MABAC,BellmanZadeh,0.9447977804761398,16.53433614802793
312,34,80,SMARTER+GRA+MABAC,TOPSIS+VIKOR,0.9756811061778636,9.482009910123715
312,41,80,BellmanZadeh,TOPSIS+VIKOR,0.9792956316650867,10.632094312683734
313,4,17,GRA+CODAS,BellmanZadeh+PROMETHEEII,0.984433882415444,10.685093961148649
313,4,25,GRA+CODAS,SMARTER+MABAC,0.9945469885224693,4.75720386402027
313,4,48,GRA+CODAS,VIKOR,0.9898321268977938,7.146319151182432
313,4,90,GRA+CODAS,TOPSIS,0.9950282000359925,3.2980685177364863
313,17,25,BellmanZadeh+PROMETHEEII,SMARTER+MABAC,0.9910911876294981,6.394048247466216
313,17,48,BellmanZadeh+PROMETHEEII,VIKOR,0.9913768765821231,4.66162109375
313,17,90,BellmanZadeh+PROMETHEEII,TOPSIS,0.9889855143871118,7.92313819679054
313,25,48,SMARTER+MABAC,VIKOR,0.9968959768781069,2.410299831081081
313,25,90,SMARTER+MABAC,TOPSIS,0.9919092935518052,3.7567282516891893
313,48,90,VIKOR,TOPSIS,0.9872227123998597,5.807427153716216
330,11,83,GRA,BellmanZadeh,0.9722913902595351,1.6895693938326801
330,11,87,GRA,PROMETHEEII,0.9802018413853504,2.8459026480585496
330,11,97,GRA,SMARTER+TOPSIS+VIKOR+CODAS+MABAC,0.984937365717434,1.0761230707986282
330,83,87,BellmanZadeh,PROMETHEEII,0.9499012610307133,3.86687553588927
330,83,97,BellmanZadeh,SMARTER+TOPSIS+VIKOR+CODAS+MABAC,0.9873417943687391,0.9365263083353749
330,87,97,PROMETHEEII,SMARTER+TOPSIS+VIKOR+CODAS+MABAC,0.9636336107145229,3.388739339631308
337,0,5,GRA+CODAS,PROMETHEEII,0.9851126604559335,8.003134473756736
337,0,41,GRA+CODAS,SMARTER+MABAC,0.9983626438636005,0.8604616111893679
337,0,63,GRA+CODAS,VIKOR,0.9973681792211109,2.3890149398272906
337,0,76,GRA+CODAS,BellmanZadeh,0.9389038466898002,18.965782513167564
337,0,83,GRA+CODAS,TOPSIS,0.9851496109503862,7.732168763014454
337,5,41,PROMETHEEII,SMARTER+MABAC,0.9862154771100087,7.69444837855218
337,5,63,PROMETHEEII,VIKOR,0.987137215079614,7.371565523946595
337,5,76,PROMETHEEII,BellmanZadeh,0.9538481588988225,15.64951262784787
337,5,83,PROMETHEEII,TOPSIS,0.983285243144284,8.885719699289563
337,41,63,SMARTER+MABAC,VIKOR,0.9982116142477152,1.5464826524987751
337,41,76,SMARTER+MABAC,BellmanZadeh,0.9443663545348195,18.153420791738117
337,41,83,SMARTER+MABAC,TOPSIS,0.9876762374631001,6.984268779091132
337,63,76,VIKOR,BellmanZadeh,0.9527930553559586,16.65344088758574
337,63,83,VIKOR,TOPSIS,0.9910170829798143,5.700766130267026
337,76,83,BellmanZadeh,TOPSIS,0.9733329163268469,12.674553967877266
339,28,54,GRA+CODAS,BellmanZadeh,0.9802691903111336,2.7356827078833694
339,28,83,GRA+CODAS,PROMETHEEII,0.9693982065853929,3.976356852389309
339,28,87,GRA+CODAS,SMARTER+VIKOR+MABAC,0.9951164712331457,2.006726786075864
339,28,91,GRA+CODAS,TOPSIS,0.9785344439953443,2.982485678489471
339,54,83,BellmanZadeh,PROMETHEEII,0.9845771322901723,1.9107172988660908
339,54,87,BellmanZadeh,SMARTER+VIKOR+MABAC,0.9842145980591954,1.6449631099824513
339,54,91,BellmanZadeh,TOPSIS,0.9917795964787677,1.1217692233058856
339,83,87,PROMETHEEII,SMARTER+VIKOR+MABAC,0.9756086579105735,2.388184121051566
339,83,91,PROMETHEEII,TOPSIS,0.9883160607415289,1.5585837312702484
339,87,91,SMARTER+VIKOR+MABAC,TOPSIS,0.9837392880039776,1.4462605882154427
34,7,10,PROMETHEEII+GRA+CODAS,SMARTER+MABAC,0.9790889118294456,2.2461219798811856
34,7,15,PROMETHEEII+GRA+CODAS,VIKOR,0.985871723000483,2.0137761820186184
34,7,64,PROMETHEEII+GRA+CODAS,TOPSIS,0.8704016074553999,5.332139384799118
34,7,96,PROMETHEEII+GRA+CODAS,BellmanZadeh,0.8614085158667544,5.491754960803528
34,10,15,SMARTER+MABAC,VIKOR,0.9929738345656696,0.9643638420198433
34,10,64,SMARTER+MABAC,TOPSIS,0.9348213266568142,3.2119399000183733
34,10,96,SMARTER+MABAC,BellmanZadeh,0.927531554934952,3.366956397752327
34,15,64,VIKOR,TOPSIS,0.9153560051489706,3.7261979039073982
34,15,96,VIKOR,BellmanZadeh,0.9073606774738892,3.877316764147477
34,64,96,TOPSIS,BellmanZadeh,0.996677975313652,0.20618531050955413
345,1,4,CODAS,TOPSIS,0.99281990633964,5.636883586849852
345,1,10,CODAS,PROMETHEEII,0.9824127971374667,9.352667961083169
345,1,11,CODAS,GRA,0.9951257978368465,4.333323590069922
345,1,20,CODAS,BellmanZadeh,0.9792847727983731,10.308190283059371
345,1,48,CODAS,SMARTER+MABAC,0.9895568092499647,7.10701409546737
345,1,72,CODAS,VIKOR,0.9845840030603576,8.711391280513984
345,4,10,TOPSIS,PROMETHEEII,0.9905386718115377,5.659926724270118
345,4,11,TOPSIS,GRA,0.995084579695455,4.420235735862365
345,4,20,TOPSIS,BellmanZadeh,0.987699424265029,6.760263010610893
345,4,48,TOPSIS,SMARTER+MABAC,0.9963919995431845,2.7588940022387143
345,4,72,TOPSIS,VIKOR,0.9923694755403357,4.894256681642542
345,10,11,PROMETHEEII,GRA,0.9853682811795176,8.30168785267419
345,10,20,PROMETHEEII,BellmanZadeh,0.997956040208067,1.1243066310414622
345,10,48,PROMETHEEII,SMARTER+MABAC,0.9961882544009458,2.9123125460009813
345,10,72,PROMETHEEII,VIKOR,0.9981225478081274,0.777881386469578
345,11,20,GRA,BellmanZadeh,0.9823330008404461,9.22040268109053
345,11,48,GRA,SMARTER+MABAC,0.9921079405845695,6.029996473258096
345,11,72,GRA,VIKOR,0.9874376654045147,7.665412820473503
345,20,48,BellmanZadeh,SMARTER+MABAC,0.9944703925366797,4.018750670847645
345,20,72,BellmanZadeh,VIKOR,0.9973938449897936,1.8855615378128068
345,48,72,SMARTER+MABAC,VIKOR,0.9971041467308526,2.1478826131624142
348,3,25,TOPSIS+GRA+CODAS,PROMETHEEII,0.9908810557447132,5.534080643679569
348,3,32,TOPSIS+GRA+CODAS,VIKOR,0.9889001119662829,6.050520003980892
348,3,62,TOPSIS+GRA+CODAS,SMARTER+MABAC,0.9973249535620076,1.752266046055855
348,3,67,TOPSIS+GRA+CODAS,BellmanZadeh,0.9845240202503044,7.030411716070554
348,25,32,PROMETHEEII,VIKOR,0.9978908557102824,0.8328858019965704
348,25,62,PROMETHEEII,SMARTER+MABAC,0.9918151475830456,5.220594990200882
348,25,67,PROMETHEEII,BellmanZadeh,0.9962300929900983,2.210981519475747
348,32,62,VIKOR,SMARTER+MABAC,0.9900834481961445,5.654408837579618
348,32,67,VIKOR,BellmanZadeh,0.9973875028170067,1.4003466055242528
348,62,67,SMARTER+MABAC,BellmanZadeh,0.9862229501755906,6.55343390188633
349,4,15,GRA+CODAS,TOPSIS,0.9979991341222845,0.6970110775967663
349,4,16,GRA+CODAS,SMARTER+BellmanZadeh+MABAC,0.9891927605045664,5.123616735821901
349,4,66,GRA+CODAS,PROMETHEEII+VIKOR,0.9825384073137667,6.772746585619794
349,15,16,TOPSIS,SMARTER+BellmanZadeh+MABAC,0.9913217633729229,4.455265207771926
349,15,66,TOPSIS,PROMETHEEII+VIKOR,0.9853084721310611,6.11609275477707
349,16,66,SMARTER+BellmanZadeh+MABAC,PROMETHEEII+VIKOR,0.9972046738888404,1.7016651802119058
355,3,19,GRA+CODAS,SMARTER+TOPSIS+MABAC,0.9938898405355258,5.216728998409202
355,3,36,GRA+CODAS,PROMETHEEII,0.963182459373722,10.740501101321586
355,3,51,GRA+CODAS,VIKOR,0.9885476013621973,5.758534764286589
355,3,77,GRA+CODAS,BellmanZadeh,0.9824024138131379,8.461367703744493
355,19,36,SMARTER+TOPSIS+MABAC,PROMETHEEII,0.9624133803164377,11.668581551333823
355,19,51,SMARTER+TOPSIS+MABAC,VIKOR,0.987898605541113,7.262726860774596
355,19,77,SMARTER+TOPSIS+MABAC,BellmanZadeh,0.9884045755240342,6.257925308981889
355,36,51,PROMETHEEII,VIKOR,0.9867449090793418,5.758407615179882
355,36,77,PROMETHEEII,BellmanZadeh,0.9830125369778505,7.978284270986294
355,51,77,VIKOR,BellmanZadeh,0.9930169600269713,6.107887929056535
360,4,25,PROMETHEEII,BellmanZadeh,0.954287921127111,14.59670696043606
360,4,46,PROMETHEEII,CODAS,0.9659625115268027,11.457957094408378
360,4,47,PROMETHEEII,TOPSIS,0.9605506956952599,13.413929484627634
360,4,59,PROMETHEEII,VIKOR,0.9760276658913659,10.067111040084518
360,4,68,PROMETHEEII,SMARTER+GRA+MABAC,0.9780863438298811,8.727983563510534
360,25,46,BellmanZadeh,CODAS,0.9951914318101266,3.9785974438081824
360,25,47,BellmanZadeh,TOPSIS,0.997712430961638,1.2217930854973051
360,25,59,BellmanZadeh,VIKOR,0.9933097406093455,4.658128961752817
360,25,68,BellmanZadeh,SMARTER+GRA+MABAC,0.9897937268990208,6.796362077413033
360,46,47,CODAS,TOPSIS,0.9961639650282191,3.060678454954679
360,46,59,CODAS,VIKOR,0.9950545637206754,2.8771119778907397
360,46,68,CODAS,SMARTER+GRA+MABAC,0.9961385345393358,3.0706603495529152
360,47,59,TOPSIS,VIKOR,0.9954103214438996,3.454229793146742
360,47,68,TOPSIS,SMARTER+GRA+MABAC,0.9921951153688049,5.673462571962274
360,59,68,VIKOR,SMARTER+GRA+MABAC,0.9955719361932318,3.08245948294341
373,4,31,SMARTER+GRA+VIKOR+MABAC,CODAS,0.9973788243704498,1.6995503314857914
373,4,33,SMARTER+GRA+VIKOR+MABAC,TOPSIS,0.9935574091305016,4.850275408806957
373,4,76,SMARTER+GRA+VIKOR+MABAC,BellmanZadeh,0.992018451793325,5.315904810754532
373,4,89,SMARTER+GRA+VIKOR+MABAC,PROMETHEEII,0.9795182776202443,10.026875803833905
373,31,33,CODAS,TOPSIS,0.9960777050917429,3.16707352783562
373,31,76,CODAS,BellmanZadeh,0.9946688004130606,3.834916918024253
373,31,89,CODAS,PROMETHEEII,0.9731698964382359,11.692089030346644
373,33,76,TOPSIS,BellmanZadeh,0.9970283410371938,1.9512245069818717
373,33,89,TOPSIS,PROMETHEEII,0.9596255856731231,14.782773456638903
373,76,89,BellmanZadeh,PROMETHEEII,0.9569987259597923,14.994599001714846
38,0,17,GRA+CODAS,TOPSIS,0.9976134198188921,0.9089150921729544
38,0,40,GRA+CODAS,BellmanZadeh,0.9685897927308683,11.305742053527682
38,0,85,GRA+CODAS,SMARTER+PROMETHEEII+VIKOR+MABAC,0.9806903956459768,8.246697103901274
38,17,40,TOPSIS,BellmanZadeh,0.9708793199033658,10.94046270210681
38,17,85,TOPSIS,SMARTER+PROMETHEEII+VIKOR+MABAC,0.9821478233054507,7.8751440202413034
38,40,85,BellmanZadeh,SMARTER+PROMETHEEII+VIKOR+MABAC,0.9914570109825663,5.345108383604851
383,0,4,PROMETHEEII,VIKOR+CODAS,0.9665776851610757,14.285330414012739
383,0,19,PROMETHEEII,TOPSIS,0.9487969239817179,18.381141673811857
383,0,53,PROMETHEEII,BellmanZadeh,0.9366049261299869,20.754756495743507
383,0,65,PROMETHEEII,GRA,0.9707298055341144,12.671259205812103
383,0,90,PROMETHEEII,SMARTER+MABAC,0.9690679023229385,13.51634031648089
383,4,19,VIKOR+CODAS,TOPSIS,0.9900677522847328,6.475941442613915
383,4,53,VIKOR+CODAS,BellmanZadeh,0.9821811199005219,9.174431478901274
383,4,65,VIKOR+CODAS,GRA,0.9945135377788441,4.1480523295872125
383,4,90,VIKOR+CODAS,SMARTER+MABAC,0.9973725358920479,1.7014709203515435
383,19,53,TOPSIS,BellmanZadeh,0.9956893093246666,3.1759836438939244
383,19,65,TOPSIS,GRA,0.977532296880061,10.508510591468642
383,19,90,TOPSIS,SMARTER+MABAC,0.9857603365274428,8.106546748683243
383,53,65,BellmanZadeh,GRA,0.9658161344278362,13.241004715825575
383,53,90,BellmanZadeh,SMARTER+MABAC,0.9763892360222575,10.821584280071043
383,65,90,GRA,SMARTER+MABAC,0.9967769264141454,2.4711442767025966
390,4,25,GRA+CODAS,PROMETHEEII,0.9591949226920685,15.356000811489466
390,4,42,GRA+CODAS,BellmanZadeh,0.9878837804930081,7.287363443930671
390,4,76,GRA+CODAS,VIKOR,0.9821560843941425,9.642114006614404
390,4,93,GRA+CODAS,TOPSIS,0.9941923760335084,3.5589023648027927
390,4,94,GRA+CODAS,SMARTER+MABAC,0.9892217578736183,6.753139736954924
390,25,42,PROMETHEEII,BellmanZadeh,0.9857426279512185,8.24870190393802
390,25,76,PROMETHEEII,VIKOR,0.9912490803242462,5.843636123530132
390,25,93,PROMETHEEII,TOPSIS,0.9714765994379793,12.808421978350074
390,25,94,PROMETHEEII,SMARTER+MABAC,0.9841450729549668,8.798778363853502
390,42,76,BellmanZadeh,VIKOR,0.9971098367488691,2.4211711668606077
390,42,93,BellmanZadeh,TOPSIS,0.9937065477239132,4.703368064061735
390,42,94,BellmanZadeh,SMARTER+MABAC,0.9981414910172066,0.5614220013167565
390,76,93,VIKOR,TOPSIS,0.9899258971462098,7.066380890954189
390,76,94,VIKOR,SMARTER+MABAC,0.9965438086681577,2.9743988470725133
390,93,94,TOPSIS,SMARTER+MABAC,0.994465887427331,4.177476478288829
402,3,19,PROMETHEEII,SMARTER+MABAC,0.9706776292763143,5.929448975923886
402,3,52,PROMETHEEII,TOPSIS,0.8688278034738963,15.518916058645374
402,3,81,PROMETHEEII,CODAS,0.8990261978461223,13.443846939243759
402,3,93,PROMETHEEII,BellmanZadeh,0.8851664145820552,15.322425756393784
402,3,95,PROMETHEEII,GRA+VIKOR,0.9550059767789311,6.852575868820362
402,19,52,SMARTER+MABAC,TOPSIS,0.9411623871129611,9.952664203989231
402,19,81,SMARTER+MABAC,CODAS,0.9653045272014209,7.749637194842144
402,19,93,SMARTER+MABAC,BellmanZadeh,0.9534334273786296,9.643333371573666
402,19,95,SMARTER+MABAC,GRA+VIKOR,0.9934010916271562,0.9852024252019089
402,52,81,TOPSIS,CODAS,0.989130352263565,2.4744406395313265
402,52,93,TOPSIS,BellmanZadeh,0.9906032352423336,1.6761024687958883
402,52,95,TOPSIS,GRA+VIKOR,0.955918952532417,8.972208360101567
402,81,93,CODAS,BellmanZadeh,0.9935727152758922,2.123865696127019
402,81,95,CODAS,GRA+VIKOR,0.9750925998458122,6.7667693419603525
402,93,95,BellmanZadeh,GRA+VIKOR,0.9639844765465688,8.66140336285487
405,35,36,PROMETHEEII,SMARTER+GRA+VIKOR+MABAC,0.9600543201107842,3.8973953867589417
405,35,38,PROMETHEEII,CODAS,0.7787013321297069,10.451286708414992
405,35,65,PROMETHEEII,TOPSIS,0.8090529218687864,8.731838138473787
405,35,90,PROMETHEEII,BellmanZadeh,0.8135809299240195,8.210409744763597
405,36,38,SMARTER+GRA+VIKOR+MABAC,CODAS,0.892394341862124,7.225277322697207
405,36,65,SMARTER+GRA+VIKOR+MABAC,TOPSIS,0.9172766057228082,5.512150332251347
405,36,90,SMARTER+GRA+VIKOR+MABAC,BellmanZadeh,0.9208421442694508,4.96097434238731
405,38,65,CODAS,TOPSIS,0.9936708230767307,1.7744585604483096
405,38,90,CODAS,BellmanZadeh,0.9905513771259501,2.4614719538522785
405,65,90,TOPSIS,BellmanZadeh,0.9977178335723602,0.9671160161991671
41,4,11,PROMETHEEII,SMARTER+GRA+MABAC,0.9814172574871454,6.652447578546056
41,4,64,PROMETHEEII,TOPSIS,0.8885499079024575,23.840280595449535
41,4,71,PROMETHEEII,VIKOR,0.9675169710148585,11.59098490706149
41,4,85,PROMETHEEII,BellmanZadeh,0.8933670338700194,24.290209877204802
41,4,90,PROMETHEEII,CODAS,0.9293018879606112,18.796267339845663
41,11,64,SMARTER+GRA+MABAC,TOPSIS,0.9242661983004274,19.611075491487018
41,11,71,SMARTER+GRA+MABAC,VIKOR,0.9812568574799381,7.446542174485546
41,11,85,SMARTER+GRA+MABAC,BellmanZadeh,0.9251290708090626,20.05253102416095
41,11,90,SMARTER+GRA+MABAC,CODAS,0.9567134201630298,14.565674665451985
41,64,71,TOPSIS,VIKOR,0.9619540923368999,12.497917687408133
41,64,85,TOPSIS,BellmanZadeh,0.9919643035706881,2.694526369579863
41,64,90,TOPSIS,CODAS,0.9892978076890664,5.071623993293729
41,71,85,VIKOR,BellmanZadeh,0.9605359932394002,12.951675706608281
41,71,90,VIKOR,CODAS,0.9849214507057796,7.426696568012004
41,85,90,BellmanZadeh,CODAS,0.9867676034211019,5.639449871386575
414,13,35,VIKOR,BellmanZadeh,0.9720531934679658,1.5166948646496816
414,13,45,VIKOR,PROMETHEEII,0.8925925050395616,6.129044528570554
414,13,52,VIKOR,SMARTER+TOPSIS+GRA+CODAS+MABAC,0.972186422880194,1.5446716338498285
414,35,45,BellmanZadeh,PROMETHEEII,0.8044953957859392,7.540443850287849
414,35,52,BellmanZadeh,SMARTER+TOPSIS+GRA+CODAS+MABAC,0.9989378170970734,0.4808414801261636
414,45,52,PROMETHEEII,SMARTER+TOPSIS+GRA+CODAS+MABAC,0.8061054788780502,7.474128031602156
432,4,20,PROMETHEEII,VIKOR,0.9218500241973023,22.74236788415605
432,4,55,PROMETHEEII,BellmanZadeh,0.900345427084379,25.284996918636697
432,4,57,PROMETHEEII,TOPSIS,0.8499034672084841,33.26906617466928
432,4,65,PROMETHEEII,CODAS,0.8735317364923456,29.91748597118447
432,4,84,PROMETHEEII,SMARTER+GRA+MABAC,0.9109188313961216,24.230948179507596
432,20,55,VIKOR,BellmanZadeh,0.9917944940774454,3.5690254088069575
432,20,57,VIKOR,TOPSIS,0.9784957470290901,10.607827141260412
432,20,65,VIKOR,CODAS,0.9880738903098207,7.242615254470848
432,20,84,VIKOR,SMARTER+GRA+MABAC,0.997205681410675,1.5079967119365507
432,55,57,BellmanZadeh,TOPSIS,0.9881970984200258,7.994783213651396
432,55,65,BellmanZadeh,CODAS,0.9939189260311686,4.755674684590887
432,55,84,BellmanZadeh,SMARTER+GRA+MABAC,0.9941366721242079,2.6205219752878492
432,57,65,TOPSIS,CODAS,0.9964009955665978,3.366459743232484
432,57,84,TOPSIS,SMARTER+GRA+MABAC,0.9840409106173508,9.10111082190103
432,65,84,CODAS,SMARTER+GRA+MABAC,0.9921039249193022,5.735997500459334
439,3,21,TOPSIS+PROMETHEEII+GRA+CODAS,BellmanZadeh,0.9844997366983328,8.293498897599216
439,3,29,TOPSIS+PROMETHEEII+GRA+CODAS,VIKOR,0.9914359035162779,6.1179401373407645
439,3,35,TOPSIS+PROMETHEEII+GRA+CODAS,SMARTER+MABAC,0.9953357026990004,3.9178122894720726
439,21,29,BellmanZadeh,VIKOR,0.9964195528738734,2.3949508704372855
439,21,35,BellmanZadeh,SMARTER+MABAC,0.9885325723274263,6.591467207404459
439,29,35,VIKOR,SMARTER+MABAC,0.9934631708529453,4.667565876102401
45,1,4,PROMETHEEII,VIKOR+CODAS,0.9793453248367846,8.173223335681039
45,1,41,PROMETHEEII,SMARTER+GRA+MABAC,0.9851943849095082,6.640430261667075
45,1,50,PROMETHEEII,BellmanZadeh,0.9500825973611892,16.02598393097746
45,1,55,PROMETHEEII,TOPSIS,0.9541154701506429,13.70554511422097
45,4,41,VIKOR+CODAS,SMARTER+GRA+MABAC,0.9975454380536791,1.5696201502021068
45,4,50,VIKOR+CODAS,BellmanZadeh,0.9853520890745185,8.74866314766046
45,4,55,VIKOR+CODAS,TOPSIS,0.9911120827292502,5.737092724154826
45,41,50,SMARTER+GRA+MABAC,BellmanZadeh,0.9808137131734795,10.102439540207007
45,41,55,SMARTER+GRA+MABAC,TOPSIS,0.9864051493224967,7.2823012042197455
45,50,55,BellmanZadeh,TOPSIS,0.9930199528787861,4.728228541462518
459,0,7,SMARTER+PROMETHEEII+GRA+CODAS+MABAC,VIKOR,0.9928437873918746,6.715260978074474
459,0,11,SMARTER+PROMETHEEII+GRA+CODAS+MABAC,TOPSIS,0.9981102963982527,1.8839464799730525
459,0,30,SMARTER+PROMETHEEII+GRA+CODAS+MABAC,BellmanZadeh,0.9463392777988622,18.35033378245958
459,7,11,VIKOR,TOPSIS,0.994315850515915,5.696596720357668
459,7,30,VIKOR,BellmanZadeh,0.9560271987434037,15.587012149375306
459,11,30,TOPSIS,BellmanZadeh,0.9567864446855051,16.529595441878982
460,29,30,VIKOR,PROMETHEEII,0.9876332967856314,6.083931743018129
460,29,43,VIKOR,SMARTER+MABAC,0.9972242024592631,2.33757291921852
460,29,48,VIKOR,GRA+CODAS,0.9948005576244977,5.125080861863057
460,29,68,VIKOR,TOPSIS,0.995907947619167,4.0522803045382165
460,29,93,VIKOR,BellmanZadeh,0.9891936626087149,5.499218654305487
460,30,43,PROMETHEEII,SMARTER+MABAC,0.9852420518440703,7.215495429630083
460,30,48,PROMETHEEII,GRA+CODAS,0.9810884424699476,9.178050645363792
460,30,68,PROMETHEEII,TOPSIS,0.9829080811419635,8.360068306743019
460,30,93,PROMETHEEII,BellmanZadeh,0.997736700983188,1.192179940133513
460,43,48,SMARTER+MABAC,GRA+CODAS,0.9971855716345999,2.794379765586722
460,43,68,SMARTER+MABAC,TOPSIS,0.9976887161077611,1.7218280139943656
460,43,93,SMARTER+MABAC,BellmanZadeh,0.9874550649342906,6.345971548107546
460,48,68,GRA+CODAS,TOPSIS,0.9980627862289562,1.0791948646496816
460,48,93,GRA+CODAS,BellmanZadeh,0.9840374469109493,8.122466009309163
460,68,93,TOPSIS,BellmanZadeh,0.9857472839680093,7.361406594500245
462,0,32,TOPSIS+GRA+CODAS,SMARTER+PROMETHEEII+MABAC,0.9909784291206258,5.822990032459579
462,0,56,TOPSIS+GRA+CODAS,BellmanZadeh,0.9717498005946206,11.468483490782704
462,0,73,TOPSIS+GRA+CODAS,VIKOR,0.9948833540825037,3.546539590733709
462,32,56,SMARTER+PROMETHEEII+MABAC,BellmanZadeh,0.9824607089387942,9.126426326708721
462,32,73,SMARTER+PROMETHEEII+MABAC,VIKOR,0.9873441386552713,8.008803416676875
462,56,73,BellmanZadeh,VIKOR,0.9769436539871565,10.035517018312103
465,3,19,GRA,BellmanZadeh+VIKOR,0.98014943138961,8.725712732729054
465,3,51,GRA,PROMETHEEII,0.9198282366036504,20.56098276350441
465,3,72,GRA,SMARTER+TOPSIS+MABAC,0.991481832123317,4.809044471153846
465,3,92,GRA,CODAS,0.9929800428455132,3.8968518419279765
465,19,51,BellmanZadeh+VIKOR,PROMETHEEII,0.967612009744104,12.618901867191328
465,19,72,BellmanZadeh+VIKOR,SMARTER+TOPSIS+MABAC,0.9920745383502684,5.679594676322881
465,19,92,BellmanZadeh+VIKOR,CODAS,0.986583587753248,8.120889920688388
465,51,72,PROMETHEEII,SMARTER+TOPSIS+MABAC,0.9404834863859536,18.245367907122734
465,51,92,PROMETHEEII,CODAS,0.9272722679912051,20.663317518220236
465,72,92,SMARTER+TOPSIS+MABAC,CODAS,0.9968428080098637,2.4563164119916707
470,0,25,SMARTER+PROMETHEEII+GRA+MABAC,CODAS,0.9984450606118013,0.4886420183121019
470,0,47,SMARTER+PROMETHEEII+GRA+MABAC,BellmanZadeh,0.9526040364325048,15.613824316358404
470,0,57,SMARTER+PROMETHEEII+GRA+MABAC,TOPSIS,0.9926703454197032,4.862125260289074
470,0,77,SMARTER+PROMETHEEII+GRA+MABAC,VIKOR,0.9979412487329817,1.386680950667565
470,25,47,CODAS,BellmanZadeh,0.9552379913257469,15.16707926950637
470,25,57,CODAS,TOPSIS,0.993697918353737,4.395292978319452
470,25,77,CODAS,VIKOR,0.9981671536122847,0.9239195132594317
470,47,57,BellmanZadeh,TOPSIS,0.9757528414020048,10.936371283225135
470,47,77,BellmanZadeh,VIKOR,0.9601297467833261,14.302307577474277
470,57,77,TOPSIS,VIKOR,0.9954119485660198,3.496260736924302
476,1,26,SMARTER+PROMETHEEII+VIKOR+MABAC,BellmanZadeh,0.958698278428234,14.191215339447576
476,1,58,SMARTER+PROMETHEEII+VIKOR+MABAC,TOPSIS,0.9918180265463047,6.2119102347195
476,1,90,SMARTER+PROMETHEEII+VIKOR+MABAC,GRA+CODAS,0.9905577742693721,6.757325414931406
476,26,58,BellmanZadeh,TOPSIS,0.9688016979184628,12.599534733280255
476,26,90,BellmanZadeh,GRA+CODAS,0.9525699568679392,15.969598331853259
476,58,90,TOPSIS,GRA+CODAS,0.9961079031786219,3.439857434315287
478,4,21,GRA+CODAS,PROMETHEEII,0.9743626821326616,10.927726240966438
478,4,55,GRA+CODAS,SMARTER+TOPSIS+MABAC,0.9981219253448872,0.6428518113057324
478,4,61,GRA+CODAS,BellmanZadeh,0.9814823804358274,8.053320025416463
478,4,63,GRA+CODAS,VIKOR,0.9812400613289417,8.859116146343704
478,21,55,PROMETHEEII,SMARTER+TOPSIS+MABAC,0.9756466225324677,10.431256411532337
478,21,61,PROMETHEEII,BellmanZadeh,0.9888926956653245,4.873797598450515
478,21,63,PROMETHEEII,VIKOR,0.9965590480800557,2.3451815899069084
478,55,61,SMARTER+TOPSIS+MABAC,BellmanZadeh,0.9827642298096302,7.605861097501225
478,55,63,SMARTER+TOPSIS+MABAC,VIKOR,0.9822080230080079,8.39800161149559
478,61,63,BellmanZadeh,VIKOR,0.9886715495372964,4.156777755236404
497,0,3,SMARTER+PROMETHEEII+GRA+VIKOR+MABAC,CODAS,0.992508297120543,5.113940106718521
497,0,42,SMARTER+PROMETHEEII+GRA+VIKOR+MABAC,BellmanZadeh,0.9558627009221249,14.049982200820676
497,0,54,SMARTER+PROMETHEEII+GRA+VIKOR+MABAC,TOPSIS,0.9922667914672659,5.106182631063204
497,3,42,CODAS,BellmanZadeh,0.9559887239160284,14.787710815011025
497,3,54,CODAS,TOPSIS,0.9980475704325052,1.0723082090580598
497,42,54,BellmanZadeh,TOPSIS,0.9619234830224229,13.772984864955903
499,4,11,GRA+CODAS,TOPSIS,0.993771513343538,4.0607243883206765
499,4,36,GRA+CODAS,VIKOR,0.9891958919852097,5.377677532459579
499,4,37,GRA+CODAS,BellmanZadeh,0.9840017570446344,6.672485530989711
499,4,60,GRA+CODAS,PROMETHEEII,0.9924926521777166,4.399380569420627
499,4,63,GRA+CODAS,SMARTER+MABAC,0.9937767780911527,4.032101681161196
499,11,36,TOPSIS,VIKOR,0.9937161583537345,3.5424342961477215
499,11,37,TOPSIS,BellmanZadeh,0.988965331733662,5.084450885748407
499,11,60,TOPSIS,PROMETHEEII,0.9966711213664723,1.9768974307937286
499,11,63,TOPSIS,SMARTER+MABAC,0.9976578543293355,0.8060812905744733
499,36,37,VIKOR,BellmanZadeh,0.9969040377615902,1.6261454633145518
499,36,60,VIKOR,PROMETHEEII,0.9968879455657366,1.6088118377939735
499,36,63,VIKOR,SMARTER+MABAC,0.9952419977996537,2.7687542105585496
499,37,60,BellmanZadeh,PROMETHEEII,0.9939601815724305,3.1953034090213133
499,37,63,BellmanZadeh,SMARTER+MABAC,0.9912247257382079,4.328345097378736
499,60,63,PROMETHEEII,SMARTER+MABAC,0.99738829989752,1.1981110860178834
502,0,2,PROMETHEEII,SMARTER+GRA+CODAS+MABAC,0.9946459157091997,6.726084505910093
502,0,11,PROMETHEEII,TOPSIS,0.9912752666195143,7.358925714263841
502,0,12,PROMETHEEII,VIKOR,0.9930779974485219,7.012875218183488
502,0,74,PROMETHEEII,BellmanZadeh,0.9590572636163974,15.144119285123715
502,2,11,SMARTER+GRA+CODAS+MABAC,TOPSIS,0.9954529129028039,3.927026235607545
502,2,12,SMARTER+GRA+CODAS+MABAC,VIKOR,0.9971537652322093,2.5605985500367465
502,2,74,SMARTER+GRA+CODAS+MABAC,BellmanZadeh,0.9640445278294115,14.50015693900049
502,11,12,TOPSIS,VIKOR,0.9981029607750492,1.3747129164625185
502,11,74,TOPSIS,BellmanZadeh,0.9795808248440893,10.599128031602156
502,12,74,VIKOR,BellmanZadeh,0.9746685985381803,11.963988241058304
516,3,7,GRA+CODAS,VIKOR,0.9883083225760988,7.767842461300783
516,3,11,GRA+CODAS,TOPSIS+PROMETHEEII,0.9909924017766031,5.520780752875673
516,3,76,GRA+CODAS,SMARTER+MABAC,0.9896172110288673,6.6792802404552125
516,3,98,GRA+CODAS,BellmanZadeh,0.9797259177307885,10.724986520282673
516,7,11,VIKOR,TOPSIS+PROMETHEEII,0.9963904659801205,3.0087049337677434
516,7,76,VIKOR,SMARTER+MABAC,0.9973680336274238,1.3924409378059226
516,7,98,VIKOR,BellmanZadeh,0.9796678068863096,8.007054385401371
516,11,76,TOPSIS+PROMETHEEII,SMARTER+MABAC,0.9976885276070715,1.6217839880078315
516,11,98,TOPSIS+PROMETHEEII,BellmanZadeh,0.9740869511096465,10.012750760982623
516,76,98,SMARTER+MABAC,BellmanZadeh,0.9767766025107849,8.883506084036956
527,1,3,GRA+CODAS,PROMETHEEII,0.8578901753794838,29.703283697381302
527,1,8,GRA+CODAS,VIKOR,0.9728507539005973,11.558812197901371
527,1,35,GRA+CODAS,BellmanZadeh,0.97967067981962,8.179786446861234
527,1,54,GRA+CODAS,SMARTER+MABAC,0.9769287048480797,9.72749556412139
527,1,99,GRA+CODAS,TOPSIS,0.994548650875471,2.9882597398127753
527,3,8,PROMETHEEII,VIKOR,0.9278631787412509,19.326978268018845
527,3,35,PROMETHEEII,BellmanZadeh,0.9040061374236181,23.103615527869554
527,3,54,PROMETHEEII,SMARTER+MABAC,0.9136901303457912,21.14537636135585
527,3,99,PROMETHEEII,TOPSIS,0.8623637659773943,28.297037043410427
527,8,35,VIKOR,BellmanZadeh,0.9894588536845733,4.590912567302986
527,8,54,VIKOR,SMARTER+MABAC,0.9922554689376697,2.9797981101627506
527,8,99,VIKOR,TOPSIS,0.9783100986361385,9.960260646108663
527,35,54,BellmanZadeh,SMARTER+MABAC,0.9937668794478787,3.2048090086576115
527,35,99,BellmanZadeh,TOPSIS,0.9860228028879358,6.408258573482623
527,54,99,SMARTER+MABAC,TOPSIS,0.9850975999347387,7.798411783376163
53,4,46,TOPSIS+GRA+CODAS,SMARTER+MABAC,0.9920938103190109,5.438428715243753
53,4,49,TOPSIS+GRA+CODAS,BellmanZadeh,0.9832465587997301,10.503066530652866
53,4,54,TOPSIS+GRA+CODAS,PROMETHEEII,0.993498017087463,4.761224966315532
53,4,99,TOPSIS+GRA+CODAS,VIKOR,0.9875288830014974,8.266498212426507
53,46,49,SMARTER+MABAC,BellmanZadeh,0.9936287144411505,6.084561412910338
53,46,54,SMARTER+MABAC,PROMETHEEII,0.9973430937995749,2.2865615239159727
53,46,99,SMARTER+MABAC,VIKOR,0.9963180775523317,3.7335970036134247
53,49,54,BellmanZadeh,PROMETHEEII,0.9902385990633609,8.362415693134492
53,49,99,BellmanZadeh,VIKOR,0.9972429870717296,2.356285981136698
53,54,99,PROMETHEEII,VIKOR,0.9940563212446326,6.012657034695002
531,4,19,CODAS,BellmanZadeh,0.9896602806711008,5.423152043269231
531,4,25,CODAS,SMARTER+MABAC,0.9890624797575879,5.576887669953454
531,4,38,CODAS,VIKOR,0.9812195300791557,7.567747408592601
531,4,48,CODAS,PROMETHEEII,0.9534154644896184,12.426581256124448
531,4,66,CODAS,GRA,0.997186924284805,1.9608724277315042
531,4,81,CODAS,TOPSIS,0.9968221751331231,2.3534754333047525
531,19,25,BellmanZadeh,SMARTER+MABAC,0.9988918132622265,0.17673580276212641
531,19,38,BellmanZadeh,VIKOR,0.9965786522808706,2.266223090703087
531,19,48,BellmanZadeh,PROMETHEEII,0.9813156335488146,7.289364416186918
531,19,66,BellmanZadeh,GRA,0.9890134629693651,5.800697517301568
531,19,81,BellmanZadeh,TOPSIS,0.9942129909656203,3.6006519667136208
531,25,38,SMARTER+MABAC,VIKOR,0.996801416340616,2.0968012195308674
531,25,48,SMARTER+MABAC,PROMETHEEII,0.9819560907301632,7.118980815164135
531,25,66,SMARTER+MABAC,GRA,0.9883718080735131,5.9649643250857425
531,25,81,SMARTER+MABAC,TOPSIS,0.9937827075607989,3.7693714401641354
531,38,48,VIKOR,PROMETHEEII,0.989641462559248,5.046332890586722
531,38,66,VIKOR,GRA,0.9805678130438794,7.988042492191328
531,38,81,VIKOR,TOPSIS,0.9877524400149282,5.843829904917932
531,48,66,PROMETHEEII,GRA,0.9524221768758061,12.908909350502205
531,48,81,PROMETHEEII,TOPSIS,0.963416464899055,10.828339355707985
531,66,81,GRA,TOPSIS,0.9966917694062843,2.435983241976972
534,2,4,SMARTER+GRA+MABAC,PROMETHEEII,0.9869044451767943,6.820911069175649
534,2,32,SMARTER+GRA+MABAC,CODAS,0.998471960284772,0.7509732131920627
534,2,59,SMARTER+GRA+MABAC,BellmanZadeh,0.9811162948332444,9.621566480891719
534,2,65,SMARTER+GRA+MABAC,TOPSIS,0.9878045354666978,7.359204663767761
534,2,92,SMARTER+GRA+MABAC,VIKOR,0.9961295300550145,3.2574818754593338
534,4,32,PROMETHEEII,CODAS,0.9847704660496369,7.546597007441205
534,4,59,PROMETHEEII,BellmanZadeh,0.9473598404174596,16.2689307669341
534,4,65,PROMETHEEII,TOPSIS,0.9583514527365684,14.049789376378001
534,4,92,PROMETHEEII,VIKOR,0.975977644344736,10.019520723603625
534,32,59,CODAS,BellmanZadeh,0.983295681721642,8.887251768434592
534,32,65,CODAS,TOPSIS,0.9894503132185257,6.625351198860852
534,32,92,CODAS,VIKOR,0.9967894130144043,2.523732717571044
534,59,65,BellmanZadeh,TOPSIS,0.997159958120426,2.2859294616609507
534,59,92,BellmanZadeh,VIKOR,0.9904972172025626,6.3895852791217544
534,65,92,TOPSIS,VIKOR,0.9948232446847326,4.120083694420627
550,0,2,SMARTER+GRA+MABAC,CODAS,0.9984213349415987,1.0390392987311015
550,0,4,SMARTER+GRA+MABAC,PROMETHEEII,0.9732069242751307,10.989120714092872
550,0,22,SMARTER+GRA+MABAC,VIKOR,0.996098955987777,3.1110296723137147
550,0,29,SMARTER+GRA+MABAC,BellmanZadeh,0.9228721521700578,22.074695430615552
550,0,52,SMARTER+GRA+MABAC,TOPSIS,0.989414844348507,6.134239905338823
550,2,4,CODAS,PROMETHEEII,0.9752604835303523,10.343895535232182
550,2,22,CODAS,VIKOR,0.9974336613867931,2.1046050300350974
550,2,29,CODAS,BellmanZadeh,0.9294122212936751,21.106255483936284
550,2,52,CODAS,TOPSIS,0.9922914475903952,5.13274869651053
550,4,22,PROMETHEEII,VIKOR,0.9779193743717507,9.495595977321814
550,4,29,PROMETHEEII,BellmanZadeh,0.9510971422896081,15.194682901930346
550,4,52,PROMETHEEII,TOPSIS,0.9788441484160476,9.077938862547246
550,22,29,VIKOR,BellmanZadeh,0.942368797680671,19.080068633571813
550,22,52,VIKOR,TOPSIS,0.9962089860147011,3.047401774264309
550,29,52,BellmanZadeh,TOPSIS,0.9593022951614955,16.130478135967873
552,4,55,GRA+CODAS,SMARTER+MABAC,0.9928327410386062,4.274326023548506
552,4,62,GRA+CODAS,TOPSIS,0.9958170196490056,3.08941360316634
552,4,72,GRA+CODAS,PROMETHEEII,0.976890910110545,8.521161406020333
552,4,79,GRA+CODAS,VIKOR,0.9843305147349758,6.855660139024987
552,4,87,GRA+CODAS,BellmanZadeh,0.9878938322656817,5.75323973772048
552,55,62,SMARTER+MABAC,TOPSIS,0.9969460543513592,1.8748019123591377
552,55,72,SMARTER+MABAC,PROMETHEEII,0.9907960892001404,4.776505466070554
552,55,79,SMARTER+MABAC,VIKOR,0.9953006349901314,3.0015153226053406
552,55,87,SMARTER+MABAC,BellmanZadeh,0.995231875010854,3.4433622458353748
552,62,72,TOPSIS,PROMETHEEII,0.9844378088607406,6.608069726849584
552,62,79,TOPSIS,VIKOR,0.9907178006686355,4.8429629126347375
552,62,87,TOPSIS,BellmanZadeh,0.9918391722843823,4.821936435877021
552,72,79,PROMETHEEII,VIKOR,0.9972033644217168,1.786178745865997
552,72,87,PROMETHEEII,BellmanZadeh,0.9948363556027009,3.874672724767271
552,79,87,VIKOR,BellmanZadeh,0.9967287691755078,2.926464987291769
557,2,4,GRA,PROMETHEEII,0.8679533421412792,28.60345444046745
557,2,11,GRA,BellmanZadeh,0.9878120015124368,7.993137294267009
557,2,38,GRA,CODAS,0.9981573740242448,0.936310725648556
557,2,67,GRA,VIKOR,0.983891647095558,8.726302465736662
557,2,77,GRA,SMARTER+MABAC,0.9845730291980253,8.446980256516152
557,2,89,GRA,TOPSIS,0.9964238452608098,2.3487910318771417
557,4,11,PROMETHEEII,BellmanZadeh,0.9120990034032693,20.638405626682573
557,4,38,PROMETHEEII,CODAS,0.8617119440123121,29.53355971610377
557,4,67,PROMETHEEII,VIKOR,0.9239178568561666,19.89902162108419
557,4,77,PROMETHEEII,SMARTER+MABAC,0.922576305234522,20.17806563188326
557,4,89,PROMETHEEII,TOPSIS,0.8766366271587822,26.922462945117474
557,11,38,BellmanZadeh,CODAS,0.9852946898189404,8.9241068014256
557,11,67,BellmanZadeh,VIKOR,0.9957313992379815,0.7474813960780715
557,11,77,BellmanZadeh,SMARTER+MABAC,0.995998617849222,0.46924712432697013
557,11,89,BellmanZadeh,TOPSIS,0.9898033543345575,6.391998305953255
557,38,67,CODAS,VIKOR,0.9812046140977354,9.657298741128242
557,38,77,CODAS,SMARTER+MABAC,0.9820206820911616,9.37785989889256
557,38,89,CODAS,TOPSIS,0.9957553807869458,3.03104063417768
557,67,77,VIKOR,SMARTER+MABAC,0.998869110501369,0.28120267758810574
557,67,89,VIKOR,TOPSIS,0.9861953682223641,7.116003005690161
557,77,89,SMARTER+MABAC,TOPSIS,0.986816489488878,6.844208405989966
568,20,35,CODAS,PROMETHEEII,0.7966080400474753,14.492085106871631
568,20,74,CODAS,TOPSIS,0.9953496586772136,1.9580633153172464
568,20,78,CODAS,SMARTER+GRA+MABAC,0.9799879652190766,4.169541967785399
568,20,92,CODAS,VIKOR,0.9687513231540293,5.591236583629349
568,20,95,CODAS,BellmanZadeh,0.9775929779308863,4.039986908990691
568,35,74,PROMETHEEII,TOPSIS,0.8184738484989948,12.934593279182998
568,35,78,PROMETHEEII,SMARTER+GRA+MABAC,0.8616941983785618,10.626880397170504
568,35,92,PROMETHEEII,VIKOR,0.883470805049047,9.47940510549363
568,35,95,PROMETHEEII,BellmanZadeh,0.8706503474300341,10.68783110301323
568,74,78,TOPSIS,SMARTER+GRA+MABAC,0.9876039905642661,2.4632824940286624
568,74,92,TOPSIS,VIKOR,0.979186970726478,3.8601501255512005
568,74,95,TOPSIS,BellmanZadeh,0.9849021031440743,2.3986217119365505
568,78,92,SMARTER+GRA+MABAC,VIKOR,0.9938864406217408,1.444645030775355
568,78,95,SMARTER+GRA+MABAC,BellmanZadeh,0.9948367725056965,1.0644320722072513
568,92,95,VIKOR,BellmanZadeh,0.9943551835069268,1.6740850647660461
585,0,36,GRA,BellmanZadeh,0.933116872409298,20.425307562163155
585,0,37,GRA,SMARTER+PROMETHEEII+MABAC,0.998556191484192,0.6626897622182754
585,0,58,GRA,TOPSIS,0.9964249875834249,3.037319424454924
585,0,74,GRA,VIKOR+CODAS,0.9984271857131672,1.1190645478625674
585,36,37,BellmanZadeh,SMARTER+PROMETHEEII+MABAC,0.937476362230768,19.79586207358525
585,36,58,BellmanZadeh,TOPSIS,0.9509611466935768,17.53069353640985
585,36,74,BellmanZadeh,VIKOR+CODAS,0.9402213140379927,19.355801288430918
585,37,58,SMARTER+PROMETHEEII+MABAC,TOPSIS,0.9974132997198465,2.385702474277315
585,37,74,SMARTER+PROMETHEEII+MABAC,VIKOR+CODAS,0.9989321260880928,0.46123223909848116
585,58,74,TOPSIS,VIKOR+CODAS,0.997761315604454,1.9277094944267517
592,4,78,SMARTER+TOPSIS+PROMETHEEII+GRA+CODAS+MABAC,VIKOR,0.9953946002189271,3.219016987689858
592,4,89,SMARTER+TOPSIS+PROMETHEEII+GRA+CODAS+MABAC,BellmanZadeh,0.9852789808446221,6.829063763167565
592,78,89,VIKOR,BellmanZadeh,0.9915629108291006,5.0158374418177365
593,0,2,PROMETHEEII,SMARTER+MABAC,0.9913572035395286,5.529663384982851
593,0,40,PROMETHEEII,GRA,0.9972480519814249,2.1031055740139637
593,0,48,PROMETHEEII,BellmanZadeh,0.9464231164486077,16.919760151273884
593,0,60,PROMETHEEII,TOPSIS,0.972291177359895,11.403262895792503
593,0,85,PROMETHEEII,VIKOR+CODAS,0.9858874160555583,7.555396596337579
593,2,40,SMARTER+MABAC,GRA,0.9954653959003115,3.4383110109933854
593,2,48,SMARTER+MABAC,BellmanZadeh,0.9736483371995772,11.521374326310632
593,2,60,SMARTER+MABAC,TOPSIS,0.9910262143516995,5.916269693930671
593,2,85,SMARTER+MABAC,VIKOR+CODAS,0.9971898749926172,2.050156364833415
593,40,48,GRA,BellmanZadeh,0.9579386745814302,14.877942127786625
593,40,60,GRA,TOPSIS,0.9807856472517419,9.3253929216683
593,40,85,GRA,VIKOR+CODAS,0.9917191931277881,5.468497844959579
593,48,60,BellmanZadeh,TOPSIS,0.9918189326016964,5.8071281885411565
593,48,85,BellmanZadeh,VIKOR+CODAS,0.9815146727238461,9.528927494181774
593,60,85,TOPSIS,VIKOR+CODAS,0.995183106264231,3.882551732453454
595,0,2,GRA,CODAS,0.9982905582701112,0.7568565118201862
595,0,5,GRA,SMARTER+PROMETHEEII+MABAC,0.9901847187263936,6.69308616716683
595,0,25,GRA,BellmanZadeh,0.9420099195845215,20.069474216070553
595,0,53,GRA,VIKOR,0.9812865005472909,10.17793007027805
595,0,73,GRA,TOPSIS,0.9877838115123805,7.60308739205659
595,2,5,CODAS,SMARTER+PROMETHEEII+MABAC,0.9909511595796044,6.371648299699902
595,2,25,CODAS,BellmanZadeh,0.9461437207778123,19.39716859076433
595,2,53,CODAS,VIKOR,0.9828631728990305,9.728648161899804
595,2,73,CODAS,TOPSIS,0.9899028755220959,6.867072188112445
595,5,25,SMARTER+PROMETHEEII+MABAC,BellmanZadeh,0.9525987679015863,17.818092865782706
595,5,53,SMARTER+PROMETHEEII+MABAC,VIKOR,0.993061738139736,4.684041600318471
595,5,73,SMARTER+PROMETHEEII+MABAC,TOPSIS,0.9862668467319569,7.750135886207741
595,25,53,BellmanZadeh,VIKOR,0.9660711544003829,14.366222420841499
595,25,73,BellmanZadeh,TOPSIS,0.9736721625775844,13.3435523908317
595,53,73,VIKOR,TOPSIS,0.9854427130078057,8.013071870406664
596,4,21,GRA+CODAS,BellmanZadeh,0.9807836832328775,7.7368396121692795
596,4,23,GRA+CODAS,TOPSIS,0.9954541792760931,3.375820580444635
596,4,41,GRA+CODAS,PROMETHEEII+VIKOR,0.9842085346315611,6.895770015464233
596,4,52,GRA+CODAS,SMARTER+MABAC,0.9955323268347485,3.3776143740813325
596,21,23,BellmanZadeh,TOPSIS,0.9817733786838533,8.51999823922097
596,21,41,BellmanZadeh,PROMETHEEII+VIKOR,0.9976459125444658,1.0709268587702108
596,21,52,BellmanZadeh,SMARTER+MABAC,0.9837760236316518,8.108143890096766
596,23,41,TOPSIS,PROMETHEEII+VIKOR,0.9854925339386182,7.629937836844684
596,23,52,TOPSIS,SMARTER+MABAC,0.9976546771256037,0.77254036394537
596,41,52,PROMETHEEII+VIKOR,SMARTER+MABAC,0.9870775557425812,7.245610971184468
6,3,19,GRA+CODAS,SMARTER+VIKOR+MABAC,0.9926611446914888,2.6244621968397843
6,3,27,GRA+CODAS,PROMETHEEII,0.897714669537861,23.05027741839172
6,3,81,GRA+CODAS,BellmanZadeh,0.985539498951061,4.755448845541402
6,3,97,GRA+CODAS,TOPSIS,0.9951457537712481,4.052255902437531
6,19,27,SMARTER+VIKOR+MABAC,PROMETHEEII,0.9228058563582016,20.616035816542137
6,19,81,SMARTER+VIKOR+MABAC,BellmanZadeh,0.9874543028084157,5.217871524375306
6,19,97,SMARTER+VIKOR+MABAC,TOPSIS,0.9858094339717778,6.6745238241058304
6,27,81,PROMETHEEII,BellmanZadeh,0.9166474481756448,22.1646476719439
6,27,97,PROMETHEEII,TOPSIS,0.8714893877591748,26.904614102308916
6,81,97,BellmanZadeh,TOPSIS,0.983232823909966,6.11266306344929
76,0,1,PROMETHEEII,SMARTER+GRA+CODAS+MABAC,0.9923929614244686,5.821894330291523
76,0,65,PROMETHEEII,TOPSIS+VIKOR,0.9828943693593425,8.801431972684957
76,0,67,PROMETHEEII,BellmanZadeh,0.9565644521006482,14.107581206363303
76,1,65,SMARTER+GRA+CODAS+MABAC,TOPSIS+VIKOR,0.9894315641857776,6.356632395271926
76,1,67,SMARTER+GRA+CODAS+MABAC,BellmanZadeh,0.9659937534924296,12.636334536532337
76,65,67,TOPSIS+VIKOR,BellmanZadeh,0.9884443772696757,6.5659751462212155
90,0,3,SMARTER+PROMETHEEII+GRA+MABAC,CODAS,0.9965419272761413,2.8557299960191083
90,0,46,SMARTER+PROMETHEEII+GRA+MABAC,VIKOR,0.9903820566379439,5.996341598787359
90,0,80,SMARTER+PROMETHEEII+GRA+MABAC,TOPSIS,0.9779398110572569,9.671416144812591
90,0,88,SMARTER+PROMETHEEII+GRA+MABAC,BellmanZadeh,0.9418876146292298,17.883570879011515
90,3,46,CODAS,VIKOR,0.9961255243608349,3.15390739833415
90,3,80,CODAS,TOPSIS,0.9873240718559946,7.109145811642577
90,3,88,CODAS,BellmanZadeh,0.9581299544047956,15.080798226206516
90,46,80,VIKOR,TOPSIS,0.993888117039058,4.694126366517638
90,46,88,VIKOR,BellmanZadeh,0.9731567102877323,11.985635775202107
90,80,88,TOPSIS,BellmanZadeh,0.9832212746131211,9.429942047403234
95,3,6,CODAS,BellmanZadeh+PROMETHEEII+VIKOR,0.987576871471081,6.37835375904686
95,3,15,CODAS,TOPSIS+GRA,0.9947289109182305,1.0216669413947497
95,3,28,CODAS,SMARTER+MABAC,0.9945958577009388,1.1990563090345927
95,6,15,BellmanZadeh+PROMETHEEII+VIKOR,TOPSIS+GRA,0.985749812452944,6.112309479268891
95,6,28,BellmanZadeh+PROMETHEEII+VIKOR,SMARTER+MABAC,0.9860623512181863,6.044342070964181
95,15,28,TOPSIS+GRA,SMARTER+MABAC,0.9986916128472927,0.1946742363837095
