image_id,scheme,consensus_index,consensus_votes,SMARTER_selection,TOPSIS_selection,BellmanZadeh_selection,PROMETHEEII_selection,GRA_selection,VIKOR_selection,CODAS_selection,MABAC_selection
1,roc,50,3,50,50,31,31,4,31,4,50
1,rs,50,3,50,50,31,12,4,12,4,50
1,equal,50,2,50,85,31,12,4,31,4,50
1,legacy,50,2,50,85,31,9,4,40,4,50
107,roc,62,3,62,82,50,86,62,3,3,62
107,rs,62,2,62,95,50,86,75,93,93,62
107,equal,62,1,62,28,50,86,75,53,83,93
107,legacy,62,1,62,28,50,21,75,53,83,44
116,roc,21,4,21,3,21,27,3,21,3,21
116,rs,21,4,21,65,21,27,3,21,46,21
116,equal,21,3,21,75,21,12,75,21,75,3
116,legacy,21,4,21,75,21,13,75,21,75,21
118,roc,72,2,72,60,29,89,0,15,0,72
118,rs,72,2,72,27,29,89,0,6,0,72
118,equal,72,2,72,33,29,78,0,29,0,72
118,legacy,72,1,72,27,29,89,33,96,0,11
122,roc,2,4,2,47,30,74,2,55,2,2
122,rs,2,4,2,99,30,74,2,99,2,2
122,equal,2,3,2,97,30,71,2,84,2,67
122,legacy,2,1,2,97,30,71,74,58,45,67
124,roc,97,2,97,43,5,18,4,18,4,97
124,rs,97,2,97,43,5,18,4,96,4,97
124,equal,97,2,97,43,5,18,4,60,4,97
124,legacy,5,3,97,43,5,5,4,5,4,18
132,roc,34,2,34,47,77,86,43,51,1,34
132,rs,34,2,34,47,77,86,43,51,43,34
132,equal,72,3,34,72,77,86,72,67,72,47
132,legacy,72,2,34,73,77,79,72,67,72,47
159,roc,80,6,80,80,65,86,80,80,80,80
159,rs,80,5,80,65,65,86,80,80,80,80
159,equal,80,4,80,24,65,53,80,80,89,80
159,legacy,80,4,80,24,65,53,80,80,49,80
161,roc,45,3,45,76,94,4,76,45,56,45
161,rs,45,3,45,11,94,4,76,45,60,45
161,equal,76,2,45,11,94,4,60,76,38,76
161,legacy,76,2,45,87,94,4,60,76,38,76
167,roc,71,3,71,75,58,4,71,68,1,71
167,rs,71,4,71,86,58,4,71,69,71,71
167,equal,58,2,71,20,58,4,4,58,72,15
167,legacy,4,2,71,81,58,4,4,70,5,15
169,roc,55,2,55,97,11,1,85,48,2,55
169,rs,55,2,55,16,11,1,85,47,2,55
169,equal,55,1,55,88,11,1,85,10,93,48
169,legacy,1,2,55,88,11,1,1,38,51,47
170,roc,58,3,58,58,33,38,61,35,3,58
170,rs,58,4,58,58,33,7,58,35,3,58
170,equal,58,3,58,4,33,7,3,58,4,58
170,legacy,58,4,58,4,33,7,58,58,4,58
171,roc,4,5,4,88,54,4,4,4,2,4
171,rs,4,4,4,94,54,4,4,30,2,4
171,equal,4,3,4,30,54,4,4,54,2,45
171,legacy,4,3,4,13,54,4,4,51,36,45
191,roc,77,4,77,63,62,68,77,77,69,77
191,rs,77,4,77,91,62,68,77,77,63,77
191,equal,77,3,77,34,62,77,63,48,34,77
191,legacy,77,4,77,34,62,77,77,58,34,77
194,roc,30,3,30,30,60,15,4,12,4,30
194,rs,30,3,30,4,60,18,4,30,4,30
194,equal,4,4,30,4,60,15,4,30,4,4
194,legacy,30,3,30,4,60,15,4,30,4,30
196,roc,16,3,16,99,60,91,16,6,51,16
196,rs,16,3,16,51,60,91,16,49,51,16
196,equal,16,1,16,25,60,26,51,52,66,97
196,legacy,16,1,16,25,60,26,51,48,32,97
205,roc,21,5,21,21,46,35,21,60,21,21
205,rs,21,5,21,21,46,35,21,60,21,21
205,equal,21,5,21,21,46,35,21,60,21,21
205,legacy,21,5,21,21,46,35,21,60,21,21
206,roc,77,2,77,66,75,23,5,91,5,77
206,rs,77,2,77,66,75,35,5,61,5,77
206,equal,93,2,77,93,75,35,7,75,7,93
206,legacy,75,2,77,93,75,35,7,75,7,59
21,roc,4,4,88,4,13,4,4,65,4,88
21,rs,4,4,88,4,13,4,4,26,4,88
21,equal,4,3,88,4,13,51,4,26,4,21
21,legacy,88,2,88,4,13,21,4,26,3,88
216,roc,78,4,78,75,49,0,78,78,22,78
216,rs,78,3,78,75,49,0,78,22,28,78
216,equal,78,2,78,63,49,0,78,69,72,22
216,legacy,72,2,78,72,49,0,0,69,72,22
233,roc,36,4,36,2,34,36,2,36,2,36
233,rs,36,4,36,44,34,36,2,36,2,36
233,equal,36,3,36,44,34,36,44,26,44,36
233,legacy,36,2,36,44,34,69,44,26,4,36
24,roc,91,2,91,25,92,5,2,55,25,91
24,rs,91,1,91,25,92,5,2,36,98,32
24,equal,98,3,91,98,92,47,98,29,98,25
24,legacy,98,3,91,98,92,47,98,29,98,91
240,roc,53,2,53,80,39,55,4,28,4,53
240,rs,4,2,53,97,39,29,4,43,4,73
240,equal,39,2,53,36,39,55,4,39,97,81
240,legacy,36,2,53,36,39,29,97,64,36,81
26,roc,4,5,4,43,57,0,4,4,4,4
26,rs,4,2,4,43,57,0,63,34,58,4
26,equal,43,3,4,45,57,0,43,43,45,43
26,legacy,45,2,4,45,57,0,29,43,45,43
260,roc,2,4,2,65,80,99,2,75,2,2
260,rs,2,3,2,71,80,99,99,71,2,2
260,equal,80,2,2,79,80,99,99,80,52,71
260,legacy,99,2,2,34,80,99,99,22,1,71
264,roc,99,3,99,99,48,85,0,66,0,99
264,rs,99,2,99,99,48,21,0,21,0,85
264,equal,99,2,99,16,48,66,3,21,3,99
264,legacy,3,2,99,16,48,23,3,21,3,66
279,roc,1,4,1,36,55,30,1,1,47,1
279,rs,1,3,1,36,55,30,1,47,87,1
279,equal,38,2,1,38,55,73,61,84,38,47
279,legacy,38,2,1,38,55,30,61,84,38,47
286,roc,38,3,38,38,58,24,3,88,3,38
286,rs,38,3,38,38,58,24,3,58,3,38
286,equal,38,3,38,38,58,24,95,81,95,38
286,legacy,38,3,38,38,58,96,95,71,95,38
29,roc,49,3,49,49,38,8,2,76,2,49
29,rs,49,3,49,49,38,8,2,64,2,49
29,equal,49,2,49,24,38,8,2,38,2,49
29,legacy,49,2,49,24,38,43,2,60,2,49
291,roc,5,4,5,24,59,1,5,17,5,5
291,rs,5,3,5,24,59,1,5,59,5,24
291,equal,5,2,5,24,59,1,5,17,14,24
291,legacy,5,2,5,24,59,1,5,94,14,13
296,roc,37,5,37,37,37,53,4,37,4,37
296,rs,37,3,37,37,37,53,4,73,33,73
296,equal,37,4,37,22,37,73,4,37,22,37
296,legacy,37,3,37,22,37,5,4,37,22,73
303,roc,4,3,65,4,55,21,4,29,4,65
303,rs,65,3,65,65,55,93,4,64,4,65
303,equal,4,3,65,4,55,21,4,55,4,65
303,legacy,4,2,65,83,55,93,4,57,4,97
308,roc,3,3,30,3,32,50,3,75,3,30
308,rs,3,3,30,3,32,30,3,32,3,33
308,equal,30,3,30,3,32,30,3,32,3,30
308,legacy,3,3,30,3,32,30,3,93,3,33
312,roc,34,3,34,80,41,4,34,80,0,34
312,rs,34,3,34,75,41,4,34,80,0,34
312,equal,34,2,34,35,41,4,34,41,47,95
312,legacy,4,2,34,55,41,4,4,24,30,95
313,roc,25,2,25,90,17,17,4,48,4,25
313,rs,17,2,25,76,17,29,4,17,4,33
313,equal,25,2,25,59,17,29,51,17,51,25
313,legacy,17,2,25,59,17,14,51,17,51,33
330,roc,97,5,97,97,83,87,11,97,97,97
330,rs,97,5,97,83,83,87,97,97,97,97
330,equal,97,4,97,80,83,51,97,97,32,97
330,legacy,97,4,97,80,83,51,97,97,80,97
337,roc,41,2,41,83,76,5,0,63,0,41
337,rs,5,3,41,12,76,5,5,51,0,5
337,equal,76,2,41,44,76,5,5,76,59,21
337,legacy,76,2,41,13,76,5,5,76,80,21
339,roc,87,3,87,91,54,83,28,87,28,87
339,rs,87,2,87,91,54,83,28,87,12,67
339,equal,87,1,87,43,54,39,28,91,47,67
339,legacy,43,2,87,43,54,39,28,41,43,67
34,roc,7,3,10,64,96,7,7,15,7,10
34,rs,7,2,10,35,96,7,7,15,64,15
34,equal,10,1,10,26,96,9,7,35,5,64
34,legacy,10,1,10,26,96,9,7,35,46,64
345,roc,48,2,48,4,20,10,11,72,1,48
345,rs,10,3,48,4,20,10,4,10,11,10
345,equal,10,3,48,40,20,10,4,10,4,10
345,legacy,10,2,48,40,20,10,4,55,4,10
348,roc,3,3,62,3,67,25,3,32,3,62
348,rs,67,2,62,98,67,25,3,67,3,25
348,equal,67,2,62,98,67,25,3,67,3,10
348,legacy,98,3,62,98,67,32,98,67,98,25
349,roc,16,3,16,15,16,66,4,66,4,16
349,rs,16,3,16,15,16,66,4,66,4,16
349,equal,16,3,16,4,16,66,4,16,10,22
349,legacy,16,4,16,4,16,9,4,16,10,16
355,roc,19,3,19,19,77,36,3,51,3,19
355,rs,19,3,19,19,77,36,3,82,3,19
355,equal,19,3,19,19,77,15,3,77,3,19
355,legacy,19,3,19,19,77,72,3,28,3,19
360,roc,68,3,68,47,25,4,68,59,46,68
360,rs,68,3,68,48,25,4,68,58,47,68
360,equal,68,2,68,66,25,4,68,25,80,47
360,legacy,68,1,68,66,25,4,57,26,80,47
373,roc,4,4,4,33,76,89,4,4,31,4
373,rs,4,2,4,84,76,89,72,31,74,4
373,equal,76,2,4,54,76,51,72,76,18,74
373,legacy,4,1,4,54,76,2,91,17,18,74
38,roc,85,4,85,17,40,85,0,85,0,85
38,rs,85,4,85,17,40,85,0,85,0,85
38,equal,85,3,85,17,40,85,0,40,0,85
38,legacy,85,3,85,17,40,85,0,40,0,85
383,roc,90,2,90,19,53,0,65,4,4,90
383,rs,90,2,90,19,53,0,65,98,4,90
383,equal,90,1,90,83,53,0,65,44,28,19
383,legacy,90,1,90,38,53,0,65,36,77,19
390,roc,94,2,94,93,42,25,4,76,4,94
390,rs,94,1,94,61,42,64,4,76,31,48
390,equal,47,2,94,47,42,25,31,42,47,90
390,legacy,94,1,94,51,42,64,47,56,31,90
402,roc,19,2,19,52,93,3,95,95,81,19
402,rs,19,3,19,52,93,3,19,81,35,19
402,equal,19,2,19,83,93,3,19,64,83,81
402,legacy,19,2,19,83,93,3,19,88,0,81
405,roc,36,4,36,65,90,35,36,36,38,36
405,rs,36,4,36,65,90,35,36,36,38,36
405,equal,36,2,36,38,90,33,36,96,92,96
405,legacy,36,2,36,38,90,49,36,96,92,96
41,roc,11,3,11,64,85,4,11,71,90,11
41,rs,11,3,11,64,85,4,11,71,56,11
41,equal,56,2,11,30,85,4,97,56,1,56
41,legacy,56,2,11,30,85,4,97,56,1,56
414,roc,52,5,52,52,35,45,52,13,52,52
414,rs,52,3,52,35,35,32,52,13,22,52
414,equal,52,4,52,22,35,32,52,52,22,52
414,legacy,52,4,52,22,35,32,52,52,22,52
432,roc,84,3,84,57,55,4,84,20,65,84
432,rs,84,2,84,35,55,4,84,13,57,20
432,equal,84,3,84,50,55,39,84,55,95,84
432,legacy,84,4,84,50,55,4,84,84,95,84
439,roc,3,4,35,3,21,3,3,29,3,35
439,rs,3,4,35,3,21,3,3,24,3,24
439,equal,3,4,35,3,21,3,3,32,3,70
439,legacy,3,2,35,16,21,82,3,19,3,24
45,roc,41,3,41,55,50,1,41,4,4,41
45,rs,41,2,41,55,50,1,19,4,4,41
45,equal,41,1,41,66,50,1,19,63,74,55
45,legacy,41,1,41,57,50,1,30,25,74,91
459,roc,0,5,0,11,30,0,0,7,0,0
459,rs,0,3,0,80,30,7,0,61,0,7
459,equal,0,3,0,23,30,7,0,15,0,61
459,legacy,7,2,0,12,30,3,7,63,7,61
460,roc,43,2,43,68,93,30,48,29,48,43
460,rs,43,2,43,68,93,11,48,93,48,43
460,equal,48,3,43,48,93,11,48,93,48,43
460,legacy,48,3,43,48,93,11,48,93,48,43
462,roc,32,3,32,0,56,32,0,73,0,32
462,rs,32,2,32,32,56,19,0,37,0,19
462,equal,32,2,32,32,56,19,0,34,0,19
462,legacy,32,2,32,32,56,19,0,72,0,19
465,roc,72,3,72,72,19,51,3,19,92,72
465,rs,72,2,72,72,19,51,92,19,92,67
465,equal,72,2,72,92,19,28,92,19,36,72
465,legacy,92,3,72,92,19,51,92,19,92,67
470,roc,0,4,0,57,47,0,0,77,25,0
470,rs,0,4,0,59,47,0,0,59,3,0
470,equal,0,4,0,52,47,0,0,67,0,57
470,legacy,0,3,0,15,47,0,0,58,5,57
476,roc,1,4,1,58,26,1,90,1,90,1
476,rs,1,4,1,92,26,1,1,57,90,1
476,equal,1,3,1,17,26,1,1,26,90,57
476,legacy,1,4,1,26,26,1,1,52,1,57
478,roc,55,3,55,55,61,21,4,63,4,55
478,rs,55,2,55,55,61,26,4,37,4,44
478,equal,55,2,55,62,61,21,4,77,4,55
478,legacy,4,2,55,62,61,26,4,37,4,44
497,roc,0,5,0,54,42,0,0,0,3,0
497,rs,0,4,0,85,42,0,0,6,3,0
497,equal,0,4,0,82,42,0,0,41,0,6
497,legacy,0,3,0,41,42,0,0,64,40,6
499,roc,63,2,63,11,37,60,4,36,4,63
499,rs,25,2,63,22,37,25,4,25,4,60
499,equal,63,2,63,11,37,60,4,25,4,63
499,legacy,11,2,63,22,37,25,11,55,11,60
502,roc,2,4,2,11,74,0,2,12,2,2
502,rs,2,4,2,31,74,0,2,43,2,2
502,equal,0,2,2,50,74,0,0,83,30,37
502,legacy,2,2,2,74,74,0,0,46,2,37
516,roc,76,2,76,11,98,11,3,7,3,76
516,rs,76,2,76,11,98,76,3,69,3,7
516,equal,98,2,76,11,98,43,3,98,3,7
516,legacy,11,2,76,11,98,7,11,54,3,7
527,roc,54,2,54,99,35,3,1,8,1,54
527,rs,54,2,54,39,35,3,1,8,1,54
527,equal,54,2,54,39,35,3,1,35,39,54
527,legacy,54,2,54,39,35,3,1,68,65,54
53,roc,4,3,46,4,49,54,4,99,4,46
53,rs,4,3,46,4,49,46,4,74,4,99
53,equal,40,2,46,40,49,54,40,74,89,12
53,legacy,40,3,46,40,49,46,40,74,40,99
531,roc,25,2,25,81,19,48,66,38,4,25
531,rs,25,2,25,81,19,46,66,57,64,25
531,equal,66,3,25,66,19,48,66,49,66,85
531,legacy,25,3,25,66,19,46,66,25,66,25
534,roc,2,3,2,65,59,4,2,92,32,2
534,rs,59,2,2,59,59,4,16,39,38,32
534,equal,59,2,2,35,59,95,16,59,79,65
534,legacy,2,1,2,35,59,4,95,72,79,65
550,roc,0,3,0,52,29,4,0,22,2,0
550,rs,0,3,0,57,29,4,0,70,2,0
550,equal,0,2,0,14,29,4,0,29,1,40
550,legacy,4,2,0,87,29,4,4,11,33,40
552,roc,55,2,55,62,87,72,4,79,4,55
552,rs,55,1,55,62,87,64,75,68,4,93
552,equal,55,2,55,85,87,72,75,87,75,55
552,legacy,87,2,55,85,87,23,75,87,75,93
557,roc,77,2,77,89,11,4,2,67,38,77
557,rs,77,2,77,89,11,4,2,46,38,77
557,equal,11,3,77,28,11,19,38,11,29,11
557,legacy,11,3,77,28,11,42,38,11,29,11
568,roc,78,3,78,74,95,35,78,92,20,78
568,rs,78,3,78,74,95,84,78,92,26,78
568,equal,78,3,78,17,95,92,90,78,17,78
568,legacy,78,2,78,17,95,84,26,43,17,78
585,roc,37,3,37,58,36,37,0,74,74,37
585,rs,37,4,37,76,36,37,37,32,0,37
585,equal,37,2,37,23,36,3,37,95,74,19
585,legacy,37,2,37,61,36,3,37,95,90,65
592,roc,4,6,4,4,89,4,4,78,4,4
592,rs,4,4,4,4,89,51,4,20,4,51
592,equal,4,4,4,4,89,51,4,89,4,97
592,legacy,4,3,4,97,89,75,4,89,4,51
593,roc,2,2,2,60,48,0,40,85,85,2
593,rs,2,3,2,71,48,0,40,60,2,2
593,equal,2,1,2,82,48,0,84,37,74,55
593,legacy,0,2,2,54,48,0,0,26,67,55
595,roc,5,3,5,73,25,5,0,53,2,5
595,rs,5,4,5,47,25,5,5,32,0,5
595,equal,5,3,5,10,25,5,5,16,0,32
595,legacy,5,3,5,37,25,5,5,55,99,89
596,roc,52,2,52,23,21,41,4,41,4,52
596,rs,21,3,52,23,21,21,4,21,4,92
596,equal,23,3,52,23,21,41,23,21,23,52
596,legacy,23,3,52,23,21,14,23,43,23,19
6,roc,19,3,19,97,81,27,3,19,3,19
6,rs,19,4,19,55,81,27,19,19,70,19
6,equal,19,3,19,31,81,27,19,24,14,19
6,legacy,19,3,19,31,81,1,19,24,14,19
76,roc,1,4,1,65,67,0,1,65,1,1
76,rs,1,3,1,49,67,0,0,49,1,1
76,equal,1,2,1,59,67,0,0,99,1,49
76,legacy,0,2,1,41,67,0,0,69,94,32
90,roc,0,4,0,80,88,0,0,46,3,0
90,rs,0,4,0,80,88,0,0,71,3,0
90,equal,0,4,0,98,88,0,0,72,0,71
90,legacy,0,3,0,62,88,0,0,88,79,71
95,roc,6,3,28,15,6,6,15,6,3,28
95,rs,15,3,28,15,6,6,15,6,15,28
95,equal,28,2,28,15,6,67,3,6,3,28
95,legacy,6,4,28,15,6,6,15,6,3,6
