trial_id,block,image_id,cond_izquierda,cond_derecha,ssim,sextante,degradacion,metodos_izq,metodos_der,dH,dSSIM,dVIF
2e97d3e97a,Q2,138,sol:4,original,0.5937,posterior_izquierdo_inferior,underexposure,CODAS+GRA+MABAC+SMARTER+VIKOR,,-1.16496,0.26565,0.46792
40c0650caf,Q2,150,sol:30,original,0.947,anterior_superior,poor_local_contrast,MABAC+SMARTER,,0.57746,-0.06649,0.10421
787705a61d,Q2,184,original,sol:24,0.8044,posterior_izquierdo_superior,low_contrast,,MABAC+SMARTER,-0.641,0.07182,-0.93125
b60029e073,Q2,195,original,sol:86,0.6733,anterior_superior,underexposure,,CODAS+MABAC+SMARTER+TOPSIS,0.22579,-0.28854,-0.109
9a5e3fe6d8,Q2,197,original,sol:46,0.8607,posterior_derecho_inferior,skewed_histogram,,MABAC+SMARTER,-0.69653,-0.10007,-0.05003
eab336798f,Q2,204,original,sol:42,0.9337,posterior_derecho_inferior,poor_local_contrast,,MABAC+SMARTER,-0.5753,0.07885,-0.15889
00932866ce,Q2,227,sol:51,original,0.5122,posterior_izquierdo_inferior,underexposure,CODAS+GRA+MABAC+SMARTER+TOPSIS+VIKOR,,-1.95398,0.33246,0.46352
106f1b418b,Q2,229,original,sol:21,0.954,posterior_derecho_inferior,poor_local_contrast,,MABAC+SMARTER,-0.49408,0.05354,-0.1635
6adfdc9914,Q2,237,sol:12,original,0.9284,anterior_inferior,poor_local_contrast,MABAC+SMARTER,,0.72477,-0.08386,0.24544
4e065615b5,Q2,249,sol:5,original,0.5348,posterior_izquierdo_inferior,underexposure,CODAS+GRA+MABAC+SMARTER,,-1.13114,0.29582,0.46223
a0d74f8976,Q2,256,original,sol:84,0.8691,anterior_superior,low_contrast,,CODAS+MABAC+SMARTER,-0.34475,0.07766,-1.03088
c44ed5243d,Q2,26,sol:78,original,0.9351,anterior_superior,low_contrast,CODAS+GRA+MABAC+PROMETHEEII+SMARTER,,0.01881,-0.16918,1.39309
9b9e602ab9,Q2,262,original,sol:23,0.9274,anterior_inferior,poor_local_contrast,,GRA+MABAC+SMARTER,-0.66072,0.07542,-0.27593
bcf2078e34,Q2,269,original,sol:4,0.8673,posterior_izquierdo_inferior,low_contrast,,CODAS+GRA+MABAC+SMARTER+VIKOR,-0.51648,0.01787,-0.5792
c564c82061,Q2,274,original,sol:84,0.7722,posterior_derecho_superior,overexposure,,MABAC+SMARTER,-0.54845,-0.19418,-0.20451
508160e503,Q2,294,original,sol:41,0.8661,anterior_superior,overexposure,,MABAC+SMARTER,-0.59616,-0.07307,-0.0791
5d3d96ba68,Q2,301,original,sol:92,0.8189,anterior_inferior,low_contrast,,CODAS+GRA+MABAC+SMARTER,-0.59414,0.08642,-0.97355
dfb158e8f3,Q2,305,sol:72,original,0.4676,posterior_izquierdo_superior,underexposure,CODAS+MABAC+SMARTER+TOPSIS,,-1.90362,0.35055,0.54723
a39a4afe4f,Q2,313,sol:32,original,0.8553,posterior_izquierdo_inferior,skewed_histogram,MABAC+SMARTER,,0.67893,0.10683,0.07096
7fbea72a2c,Q2,332,sol:35,original,0.5162,posterior_derecho_superior,underexposure,GRA+MABAC+SMARTER,,-1.63084,0.17846,0.56582
6a93fed40e,Q2,34,sol:87,original,0.9046,anterior_inferior,poor_local_contrast,MABAC+SMARTER,,0.5778,-0.12069,0.21933
13a64b93f9,Q2,342,sol:16,original,0.8371,posterior_derecho_inferior,low_contrast,GRA+MABAC+SMARTER,,0.50903,-0.10453,1.08798
f179999555,Q2,346,original,sol:11,0.8422,anterior_inferior,skewed_histogram,,MABAC+SMARTER,-0.62826,-0.14775,-0.08848
8f75e4d068,Q2,350,sol:15,original,0.9433,posterior_derecho_inferior,poor_local_contrast,MABAC+SMARTER+TOPSIS,,0.6051,-0.02066,0.30607
92ad25e6a2,Q2,356,sol:88,original,0.8593,posterior_izquierdo_superior,low_contrast,GRA+MABAC+SMARTER,,0.53451,-0.05743,0.65542
7c3f5ad7b2,Q2,365,sol:79,original,0.2967,posterior_izquierdo_inferior,underexposure,CODAS+GRA+MABAC+SMARTER+VIKOR,,-3.54127,0.41644,0.71681
9f772532c7,Q2,377,sol:40,original,0.9142,anterior_inferior,poor_local_contrast,MABAC+SMARTER,,0.60309,-0.10528,0.22219
5dec751dba,Q2,386,original,sol:1,0.8278,posterior_derecho_superior,low_contrast,,CODAS+MABAC+SMARTER+TOPSIS+VIKOR,-0.37652,-0.00138,-0.91897
53e4f59694,Q2,391,original,sol:40,0.8172,posterior_izquierdo_superior,overexposure,,MABAC+SMARTER,-0.66692,-0.08056,-0.08597
bd934ce0c1,Q2,406,original,sol:92,0.8394,posterior_derecho_inferior,skewed_histogram,,MABAC+SMARTER+TOPSIS,-0.59359,-0.1349,-0.11041
e6f632840c,Q2,435,original,sol:2,0.8154,posterior_derecho_inferior,low_contrast,,GRA+MABAC+PROMETHEEII+SMARTER+VIKOR,-0.41326,0.06215,-1.33652
8a6d2384e0,Q2,436,sol:33,original,0.9213,posterior_izquierdo_superior,skewed_histogram,MABAC+SMARTER+VIKOR,,0.32179,0.02162,0.16952
517698308c,Q2,451,original,sol:1,0.8134,posterior_derecho_superior,overexposure,,CODAS+GRA+MABAC+SMARTER+TOPSIS,-0.48357,-0.19031,-0.19366
8212d7c62d,Q2,456,sol:3,original,0.5513,anterior_inferior,underexposure,CODAS+GRA+MABAC+SMARTER+VIKOR,,-1.31624,0.1736,0.613
c99f88127e,Q2,469,sol:41,original,0.87,anterior_superior,skewed_histogram,MABAC+SMARTER,,0.6155,0.09448,0.04003
12a9315d32,Q2,472,sol:97,original,0.8398,posterior_derecho_superior,low_contrast,GRA+MABAC+PROMETHEEII+SMARTER,,0.23826,-0.0418,1.46921
624461dfaf,Q2,477,original,sol:34,0.2406,posterior_izquierdo_inferior,underexposure,,GRA+MABAC+SMARTER+VIKOR,3.81947,-0.42645,-0.6998
cb877edb38,Q2,48,sol:89,original,0.9307,anterior_inferior,poor_local_contrast,MABAC+SMARTER,,0.58439,-0.08397,0.20411
482b738b71,Q2,49,sol:69,original,0.9272,anterior_superior,skewed_histogram,MABAC+SMARTER+TOPSIS,,0.20745,0.08032,0.18073
902fe282cf,Q2,497,original,sol:32,0.5819,posterior_izquierdo_inferior,underexposure,,GRA+MABAC+SMARTER+VIKOR,1.15373,-0.15475,-0.55297
76a0d1bbda,Q2,508,sol:42,original,0.9078,posterior_derecho_superior,skewed_histogram,MABAC+SMARTER,,0.45723,-0.06015,0.16546
58b530a571,Q2,513,original,sol:28,0.9565,posterior_derecho_superior,poor_local_contrast,,MABAC+SMARTER+TOPSIS,-0.47769,0.05072,-0.11996
5f19739bc1,Q2,520,sol:5,original,0.8481,posterior_izquierdo_superior,overexposure,CODAS+GRA+MABAC+SMARTER,,0.55545,0.14076,0.10545
e71de95eac,Q2,541,sol:33,original,0.9083,posterior_derecho_superior,skewed_histogram,GRA+MABAC+SMARTER,,0.386,0.01675,0.21883
a71cb36d91,Q2,550,sol:57,original,0.833,posterior_izquierdo_superior,overexposure,MABAC+PROMETHEEII+SMARTER,,0.54174,0.1357,0.12091
411ee80b0b,Q2,551,original,sol:84,0.8396,posterior_derecho_superior,skewed_histogram,,MABAC+SMARTER,-0.63658,-0.11732,-0.05244
5b911f7de5,Q2,560,sol:31,original,0.8024,posterior_derecho_inferior,overexposure,MABAC+SMARTER,,0.23222,0.20504,0.21885
e9defeeb66,Q2,64,sol:76,original,0.8082,anterior_superior,overexposure,MABAC+SMARTER,,0.65663,0.15916,0.18802
7413753a36,Q2,84,sol:42,original,0.8108,anterior_superior,overexposure,MABAC+SMARTER,,0.42866,0.17257,0.27147
92bab6b4b2,Q2,99,original,sol:30,0.851,posterior_izquierdo_superior,overexposure,,MABAC+SMARTER,-0.63182,-0.07548,-0.06376
923d929fd9,Q1,229,degraded,sol:21,,posterior_derecho_inferior,poor_local_contrast,,MABAC+SMARTER,-0.26806,0.0624,-0.01512
32c68699ab,Q1,227,degraded,sol:51,,posterior_izquierdo_inferior,underexposure,,CODAS+GRA+MABAC+SMARTER+TOPSIS+VIKOR,-1.12391,0.37207,-0.0899
25a8ea45db,Q1,34,sol:87,degraded,,anterior_inferior,poor_local_contrast,MABAC+SMARTER,,0.48207,-0.12605,0.10669
fdab3d4f9b,Q1,197,degraded,sol:46,,posterior_derecho_inferior,skewed_histogram,,MABAC+SMARTER,-0.79566,0.04549,0.00112
62d6b2e102,Q1,269,degraded,sol:4,,posterior_izquierdo_inferior,low_contrast,,CODAS+GRA+MABAC+SMARTER+VIKOR,-1.18929,0.19317,-0.22982
16c47845db,Q1,472,degraded,sol:97,,posterior_derecho_superior,low_contrast,,GRA+MABAC+PROMETHEEII+SMARTER,-1.70697,0.29551,-0.82523
7d6b150f6e,Q1,249,sol:5,degraded,,posterior_izquierdo_inferior,underexposure,CODAS+GRA+MABAC+SMARTER,,1.25223,-0.3731,0.10859
8739714fbb,Q1,377,sol:40,degraded,,anterior_inferior,poor_local_contrast,MABAC+SMARTER,,0.37727,-0.12058,0.00728
4a23f63d05,Q1,356,sol:88,degraded,,posterior_izquierdo_superior,low_contrast,GRA+MABAC+SMARTER,,1.29307,-0.23863,0.28607
81c5f8545f,Q1,406,degraded,sol:92,,posterior_derecho_inferior,skewed_histogram,,MABAC+SMARTER+TOPSIS,-0.70379,0.05992,-0.0299
46e9467953,Q1,435,sol:2,degraded,,posterior_derecho_inferior,low_contrast,GRA+MABAC+PROMETHEEII+SMARTER+VIKOR,,1.70999,-0.31865,0.74377
fcbf68721b,Q1,497,sol:32,degraded,,posterior_izquierdo_inferior,underexposure,GRA+MABAC+SMARTER+VIKOR,,1.33145,-0.55491,0.14357
8783c766b1,Q1,520,sol:5,degraded,,posterior_izquierdo_superior,overexposure,CODAS+GRA+MABAC+SMARTER,,0.75775,-0.04313,0.02091
0bac95dd08,Q1,332,degraded,sol:35,,posterior_derecho_superior,underexposure,,GRA+MABAC+SMARTER,-1.28856,0.56005,-0.13774
b4cd501782,Q1,305,sol:72,degraded,,posterior_izquierdo_superior,underexposure,CODAS+MABAC+SMARTER+TOPSIS,,1.19294,-0.38692,0.11979
9c05c0258c,Q4,138,ext:H,ext:SSIM,0.7758,posterior_izquierdo_inferior,underexposure,,,0.95615,-0.4343,-0.01758
e877458a85,Q4,138,ext:H,ext:VIF,0.8852,posterior_izquierdo_inferior,underexposure,,,0.28323,-0.24717,-0.0675
3ef3cb30ee,Q4,138,ext:SSIM,ext:VIF,0.9607,posterior_izquierdo_inferior,underexposure,,,-0.67292,0.18713,-0.04992
0f52dfc1c0,Q4,229,ext:SSIM,ext:H,0.884,posterior_derecho_inferior,poor_local_contrast,,,-0.33928,0.21266,0.10159
097c988d2b,Q4,229,ext:H,ext:VIF,0.8856,posterior_derecho_inferior,poor_local_contrast,,,0.22814,-0.20911,-0.22103
b730c4408a,Q4,229,ext:SSIM,ext:VIF,0.9726,posterior_derecho_inferior,poor_local_contrast,,,-0.11113,0.00355,-0.11944
b9bb687c10,Q4,249,ext:H,ext:SSIM,0.7922,posterior_izquierdo_inferior,underexposure,,,0.84754,-0.41617,-0.02375
c195b120a3,Q4,249,ext:VIF,ext:H,0.8645,posterior_izquierdo_inferior,underexposure,,,-0.25631,0.24627,0.09192
6ecd0860db,Q4,249,ext:VIF,ext:SSIM,0.9781,posterior_izquierdo_inferior,underexposure,,,0.59123,-0.1699,0.06818
f4d0e7561f,Q4,269,ext:SSIM,ext:H,0.8754,posterior_izquierdo_inferior,low_contrast,,,-0.89811,0.27524,-0.17094
fb65316e1f,Q4,269,ext:VIF,ext:H,0.9719,posterior_izquierdo_inferior,low_contrast,,,-0.19403,0.12138,0.06364
7b175cfa81,Q4,269,ext:VIF,ext:SSIM,0.9406,posterior_izquierdo_inferior,low_contrast,,,0.70409,-0.15386,0.23458
429d538c7c,Q4,274,ext:SSIM,ext:H,0.8837,posterior_derecho_superior,overexposure,,,-0.64133,0.24298,0.04216
b0a133cff0,Q4,274,ext:VIF,ext:H,0.8906,posterior_derecho_superior,overexposure,,,-0.42265,0.22321,0.19981
454ba1b4dd,Q4,274,ext:SSIM,ext:VIF,0.9774,posterior_derecho_superior,overexposure,,,-0.21868,0.01977,-0.15766
28c896569b,Q4,294,ext:SSIM,ext:H,0.8854,anterior_superior,overexposure,,,-0.35958,0.23614,0.20142
b91615799b,Q4,294,ext:H,ext:VIF,0.8596,anterior_superior,overexposure,,,0.17454,-0.22904,-0.33009
9964cbc3b5,Q4,294,ext:SSIM,ext:VIF,0.9679,anterior_superior,overexposure,,,-0.18505,0.00709,-0.12868
150b60ee96,Q4,305,ext:SSIM,ext:H,0.7773,posterior_izquierdo_superior,underexposure,,,-0.89967,0.4099,0.00846
453733ee5c,Q4,305,ext:H,ext:VIF,0.9389,posterior_izquierdo_superior,underexposure,,,0.57245,-0.13042,-0.07115
aff0af27b8,Q4,305,ext:VIF,ext:SSIM,0.9192,posterior_izquierdo_superior,underexposure,,,0.32721,-0.27948,0.06269
5af9d95e2e,Q4,332,ext:H,ext:SSIM,0.7936,posterior_derecho_superior,underexposure,,,0.91192,-0.40836,0.00389
cd150c3a70,Q4,332,ext:VIF,ext:H,0.9469,posterior_derecho_superior,underexposure,,,-0.63113,0.12624,0.06722
437ef5f933,Q4,332,ext:SSIM,ext:VIF,0.9133,posterior_derecho_superior,underexposure,,,-0.2808,0.28212,-0.07111
9cfcdfd21e,Q4,34,ext:SSIM,ext:H,0.8854,anterior_inferior,poor_local_contrast,,,-0.68597,0.24662,-0.03512
954363b334,Q4,34,ext:VIF,ext:H,0.9154,anterior_inferior,poor_local_contrast,,,-0.38389,0.2107,0.1394
15df29ca50,Q4,34,ext:VIF,ext:SSIM,0.9759,anterior_inferior,poor_local_contrast,,,0.30208,-0.03592,0.17453
79d2182918,Q4,350,ext:H,ext:SSIM,0.8848,posterior_derecho_inferior,poor_local_contrast,,,0.43798,-0.24576,-0.09519
5263612f30,Q4,350,ext:H,ext:VIF,0.84,posterior_derecho_inferior,poor_local_contrast,,,0.30951,-0.2447,-0.19621
294d719e32,Q4,350,ext:VIF,ext:SSIM,0.9538,posterior_derecho_inferior,poor_local_contrast,,,0.12847,-0.00106,0.10101
41c3c6cac6,Q4,356,ext:SSIM,ext:H,0.8763,posterior_izquierdo_superior,low_contrast,,,-0.94644,0.28185,-0.16684
02ec7894b1,Q4,356,ext:VIF,ext:H,0.9735,posterior_izquierdo_superior,low_contrast,,,-0.21408,0.10499,0.0609
76fb8727d1,Q4,356,ext:SSIM,ext:VIF,0.9379,posterior_izquierdo_superior,low_contrast,,,-0.73236,0.17686,-0.22775
1e911e575c,Q4,365,ext:SSIM,ext:H,0.7648,posterior_izquierdo_inferior,underexposure,,,-0.93324,0.43788,0.05811
345b67c03e,Q4,365,ext:VIF,ext:H,0.9036,posterior_izquierdo_inferior,underexposure,,,-0.75258,0.22891,0.09868
9014632203,Q4,365,ext:SSIM,ext:VIF,0.9513,posterior_izquierdo_inferior,underexposure,,,-0.18065,0.20897,-0.04057
cb7efb2be4,Q4,386,ext:H,ext:SSIM,0.8823,posterior_derecho_superior,low_contrast,,,1.14084,-0.27619,0.23242
25b7334320,Q4,386,ext:VIF,ext:H,0.9744,posterior_derecho_superior,low_contrast,,,-0.29052,0.06995,0.05642
5f305d359a,Q4,386,ext:SSIM,ext:VIF,0.919,posterior_derecho_superior,low_contrast,,,-0.85033,0.20623,-0.28883
55adb92963,Q4,406,ext:SSIM,ext:H,0.9039,posterior_derecho_inferior,skewed_histogram,,,-0.38932,0.20197,0.0547
2f869af36d,Q4,406,ext:H,ext:VIF,0.8994,posterior_derecho_inferior,skewed_histogram,,,0.22736,-0.19182,-0.16933
0341510421,Q4,406,ext:VIF,ext:SSIM,0.9746,posterior_derecho_inferior,skewed_histogram,,,0.16196,-0.01015,0.11462
1e96fe60f9,Q4,451,ext:H,ext:SSIM,0.8745,posterior_derecho_superior,overexposure,,,0.5195,-0.25556,-0.06707
5d62aa8f33,Q4,451,ext:H,ext:VIF,0.8749,posterior_derecho_superior,overexposure,,,0.27465,-0.23394,-0.22269
0475ec5764,Q4,451,ext:SSIM,ext:VIF,0.9733,posterior_derecho_superior,overexposure,,,-0.24485,0.02162,-0.15561
fa1a3a833e,Q3,456,sol:41,sol:2,0.8373,anterior_inferior,underexposure,BellmanZadeh+TOPSIS,PROMETHEEII,-0.32573,0.29256,-0.00247
93340550e4,Q3,541,sol:48,sol:53,0.8415,posterior_derecho_superior,skewed_histogram,BellmanZadeh+CODAS+GRA+MABAC+SMARTER+TOPSIS+VIKOR,PROMETHEEII,-0.52814,0.32121,0.08492
2b9cdc9a43,Q3,138,sol:76,sol:2,0.8618,posterior_izquierdo_inferior,underexposure,BellmanZadeh+CODAS+GRA+MABAC+SMARTER+TOPSIS+VIKOR,PROMETHEEII,-0.34358,0.27618,0.06055
f66e5348e8,Q3,305,sol:30,sol:1,0.8875,posterior_izquierdo_superior,underexposure,BellmanZadeh+CODAS+GRA+MABAC+SMARTER+TOPSIS+VIKOR,PROMETHEEII,-0.1903,0.22303,0.06461
7015164084,Q3,332,sol:33,sol:5,0.8883,posterior_derecho_superior,underexposure,BellmanZadeh+CODAS+TOPSIS+VIKOR,PROMETHEEII,-0.23384,0.22869,0.05909
154f16cbdd,Q3,436,sol:65,sol:4,0.8895,posterior_izquierdo_superior,skewed_histogram,PROMETHEEII,CODAS+GRA+TOPSIS,0.45144,-0.26075,-0.08308
bd4c351b92,Q3,249,sol:0,sol:16,0.8933,posterior_izquierdo_inferior,underexposure,PROMETHEEII,BellmanZadeh+CODAS+GRA+MABAC+SMARTER+TOPSIS+VIKOR,0.21451,-0.21718,-0.08797
52fa3aab6b,Q3,497,sol:1,sol:35,0.899,posterior_izquierdo_inferior,underexposure,PROMETHEEII,BellmanZadeh+CODAS+TOPSIS,0.25644,-0.22698,-0.04908
6d4f258dde,Q3,227,sol:57,sol:56,0.9189,posterior_izquierdo_inferior,underexposure,BellmanZadeh+CODAS+GRA+MABAC+SMARTER+TOPSIS+VIKOR,PROMETHEEII,-0.20277,0.18254,0.04776
4c6c725c5c,Q3,184,sol:4,sol:60,0.937,posterior_izquierdo_superior,low_contrast,CODAS+GRA+MABAC+PROMETHEEII+SMARTER+TOPSIS+VIKOR,BellmanZadeh,0.20744,-0.19103,0.12638
c4def28fb3,Q3,456,sol:41,sol:3,0.9387,anterior_inferior,underexposure,BellmanZadeh+TOPSIS,CODAS+GRA+MABAC+SMARTER+VIKOR,-0.15572,0.18175,-0.04262
07ed020745,Q3,435,sol:0,sol:10,0.9397,posterior_derecho_inferior,low_contrast,CODAS+GRA+MABAC+PROMETHEEII+SMARTER+TOPSIS+VIKOR,BellmanZadeh,0.41798,-0.19532,0.19622
5d95a6f0c3,Q3,49,sol:7,sol:26,0.9403,anterior_superior,skewed_histogram,PROMETHEEII,BellmanZadeh+CODAS+GRA+MABAC+SMARTER+TOPSIS+VIKOR,0.16308,-0.15187,-0.07059
8dec7d0fd3,Q3,436,sol:65,sol:70,0.9457,posterior_izquierdo_superior,skewed_histogram,PROMETHEEII,BellmanZadeh+MABAC+SMARTER+VIKOR,0.19787,-0.16178,-0.05536
75a9b4187e,Q3,472,sol:35,sol:0,0.9458,posterior_derecho_superior,low_contrast,BellmanZadeh,CODAS+GRA+MABAC+PROMETHEEII+SMARTER+TOPSIS+VIKOR,-0.40001,0.17505,-0.25008
6bd48f0420,Q3,386,sol:84,sol:66,0.9517,posterior_derecho_superior,low_contrast,GRA+PROMETHEEII,BellmanZadeh,0.3918,-0.17204,0.08832
108cf4b947,Q3,269,sol:90,sol:34,0.9536,posterior_izquierdo_inferior,low_contrast,BellmanZadeh+CODAS+GRA+MABAC+SMARTER+TOPSIS+VIKOR,PROMETHEEII,-0.30882,0.16428,0.02802
d2554228d4,Q3,332,sol:33,sol:35,0.9555,posterior_derecho_superior,underexposure,BellmanZadeh+CODAS+TOPSIS+VIKOR,GRA+MABAC+SMARTER,-0.10957,0.14931,-0.00556
c6a84ea430,Q3,456,sol:2,sol:3,0.9579,anterior_inferior,underexposure,PROMETHEEII,CODAS+GRA+MABAC+SMARTER+VIKOR,0.17002,-0.11081,-0.04014
d05abd2155,Q3,34,sol:65,sol:7,0.9608,anterior_inferior,poor_local_contrast,BellmanZadeh+CODAS+GRA+MABAC+SMARTER+TOPSIS+VIKOR,PROMETHEEII,-0.24997,0.12184,0.08276
